-- --------------------------------------------------------
-- Host:                         127.0.0.1
-- Versione server:              10.10.3-MariaDB - mariadb.org binary distribution
-- S.O. server:                  Win64
-- HeidiSQL Versione:            12.4.0.6659
-- --------------------------------------------------------

/*!40101 SET @OLD_CHARACTER_SET_CLIENT=@@CHARACTER_SET_CLIENT */;
/*!40101 SET NAMES utf8 */;
/*!50503 SET NAMES utf8mb4 */;
/*!40103 SET @OLD_TIME_ZONE=@@TIME_ZONE */;
/*!40103 SET TIME_ZONE='+00:00' */;
/*!40014 SET @OLD_FOREIGN_KEY_CHECKS=@@FOREIGN_KEY_CHECKS, FOREIGN_KEY_CHECKS=0 */;
/*!40101 SET @OLD_SQL_MODE=@@SQL_MODE, SQL_MODE='NO_AUTO_VALUE_ON_ZERO' */;
/*!40111 SET @OLD_SQL_NOTES=@@SQL_NOTES, SQL_NOTES=0 */;


-- Dump della struttura del database statisticheucl_2021-2022
CREATE DATABASE IF NOT EXISTS `statisticheucl_2021-2022` /*!40100 DEFAULT CHARACTER SET latin1 COLLATE latin1_swedish_ci */;
USE `statisticheucl_2021-2022`;

-- Dump della struttura di tabella statisticheucl_2021-2022.giocatori
CREATE TABLE IF NOT EXISTS `giocatori` (
  `IDGiocatore` int(11) NOT NULL AUTO_INCREMENT,
  `name` varchar(50) NOT NULL,
  `position` varchar(50) NOT NULL,
  `age` int(10) NOT NULL,
  `nationality` varchar(50) NOT NULL,
  `FIFA_wage_€` double NOT NULL,
  `FIFA_value_€` double NOT NULL,
  PRIMARY KEY (`IDGiocatore`)
) ENGINE=InnoDB AUTO_INCREMENT=1024 DEFAULT CHARSET=latin1 COLLATE=latin1_swedish_ci;

-- Dump dei dati della tabella statisticheucl_2021-2022.giocatori: ~747 rows (circa)
INSERT INTO `giocatori` (`IDGiocatore`, `name`, `position`, `age`, `nationality`, `FIFA_wage_€`, `FIFA_value_€`) VALUES
	(1, 'Álvarez', 'Centrocampista', 23, 'Mexico', 14000, 27500000),
	(2, 'Antony', 'Attaccante', 21, 'Brazil', 17000, 49000000),
	(3, 'Berghuis', 'Attaccante', 29, 'Netherlands', 26000, 29500000),
	(4, 'Blind', 'Difensore', 31, 'Netherlands', 23000, 13500000),
	(5, 'Daramy', 'Attaccante', 19, 'Denmark', 5000, 3400000),
	(6, 'Gravenberch', 'Centrocampista', 19, 'Netherlands', 11000, 38500000),
	(7, 'Haller', 'Attaccante', 27, 'Côte d\'Ivoire', 23000, 31000000),
	(8, 'J. Timber', 'Centrocampista', 20, 'Netherlands', 10000, 44500000),
	(9, 'Klaassen', 'Centrocampista', 28, 'Netherlands', 21000, 17000000),
	(10, 'Kudus', 'Centrocampista', 20, 'Ghana', 13000, 17000000),
	(11, 'Lisandro Martínez', 'Difensore', 23, 'Argentina', 16000, 35000000),
	(12, 'Mazraoui', 'Difensore', 23, 'Morocco', 17000, 40500000),
	(13, 'Neres', 'Attaccante', 24, 'Brazil', 19000, 23000000),
	(14, 'André Onana', 'Portiere', 24, 'Cameroon', 18000, 30500000),
	(15, 'Pasveer', 'Portiere', 37, 'Netherlands', 8000, 625000),
	(16, 'Rensch', 'Difensore', 18, 'Netherlands', 3000, 6500000),
	(17, 'Schuurs', 'Difensore', 21, 'Netherlands', 9000, 10500000),
	(18, 'Tadic', 'Attaccante', 32, 'Serbia', 32000, 26500000),
	(19, 'Tagliafico', 'Difensore', 28, 'Argentina', 24000, 22500000),
	(20, 'Taylor', 'Centrocampista', 19, 'Netherlands', 4000, 7500000),
	(21, 'Al. Miranchuk', 'Attaccante', 25, 'Russia ', 46000, 16500000),
	(22, 'De Roon', 'Centrocampista', 30, 'Netherlands', 59000, 15000000),
	(23, 'Demiral', 'Difensore', 23, 'Turkey', 51000, 14500000),
	(24, 'Djimsiti', 'Difensore', 28, 'Albania', 51000, 14500000),
	(25, 'Freuler', 'Centrocampista', 29, 'Switzerland', 58000, 20000000),
	(26, 'Gosens', 'Centrocampista', 26, 'Germany', 65000, 29500000),
	(27, 'Hateboer', 'Difensore', 27, 'Netherlands', 55000, 19000000),
	(28, 'Ilicic', 'Centrocampista', 33, 'Slovenia', 84000, 12500000),
	(29, 'Koopmeiners', 'Centrocampista', 23, 'Netherlands', 41000, 30000000),
	(30, 'Lovato', 'Difensore', 21, 'Italy', 20000, 6500000),
	(31, 'Mæhle', 'Difensore', 24, 'Denmark', 35000, 9000000),
	(32, 'Malinovskyi', 'Centrocampista', 28, 'Ukraine', 68000, 30500000),
	(33, 'Muriel', 'Attaccante', 30, 'Colombia', 70000, 25500000),
	(34, 'Musso', 'Portiere', 27, 'Argentina', 44000, 20500000),
	(35, 'Palomino', 'Difensore', 31, 'Argentina', 41000, 7000000),
	(36, 'Pašalic', 'Centrocampista', 26, 'Croatia', 48000, 27500000),
	(37, 'Pessina', 'Centrocampista', 24, 'Italy', 42000, 14000000),
	(38, 'Pezzella', 'Difensore', 23, 'Italy', 17000, 6500000),
	(39, 'Tolói', 'Difensore', 30, 'Italy', 51000, 17500000),
	(40, 'Zapata', 'Attaccante', 30, 'Colombia', 77000, 30500000),
	(41, 'Zappacosta', 'Difensore', 29, 'Italy', 51000, 15000000),
	(42, 'Carrasco', 'Attaccante', 27, 'Belgium', 81000, 54500000),
	(43, 'Ángel Correa', 'Attaccante', 26, 'Argentina', 80000, 42500000),
	(44, 'De Paul', 'Centrocampista', 27, 'Argentina', 68000, 42000000),
	(45, 'Felipe', 'Difensore', 32, 'Brazil', 74000, 12500000),
	(46, 'Giménez', 'Difensore', 26, 'Uruguay', 74000, 38500000),
	(47, 'Griezmann', 'Attaccante', 30, 'France', 220000, 30500000),
	(48, 'Hermoso', 'Difensore', 26, 'Spain', 62000, 22500000),
	(49, 'Héctor Herrera', 'Centrocampista', 31, 'Mexico', 63000, 16500000),
	(50, 'Javi Serrano', 'Centrocampista', 18, 'Spain', 3000, 1400000),
	(51, 'João Félix', 'Attaccante', 21, 'Portugal', 61000, 68500000),
	(52, 'Koke', 'Centrocampista', 29, 'Spain', 90000, 34500000),
	(53, 'Kondogbia', 'Centrocampista', 28, 'Central African Republic', 58000, 29500000),
	(54, 'Lemar', 'Centrocampista', 25, 'France', 71000, 47000000),
	(55, 'Luis Suárez', 'Attaccante', 34, 'Uruguay', 135000, 18000000),
	(56, 'Marcos Llorente', 'Centrocampista', 26, 'Spain', 95000, 48000000),
	(57, 'Matheus Cunha', 'Attaccante', 22, 'Brazil', 48000, 39500000),
	(58, 'Oblak', 'Portiere', 28, 'Slovenia', 130000, 85500000),
	(59, 'Renan Lodi', 'Difensore', 23, 'Brazil', 49000, 29500000),
	(60, 'Savic', 'Difensore', 30, 'Montenegro', 74000, 29000000),
	(61, 'Trippier', 'Difensore', 30, 'England', 74000, 30500000),
	(62, 'Vrsaljko', 'Difensore', 29, 'Croatia', 56000, 18500000),
	(63, 'Agüero', 'Attaccante', 33, 'Argentina', 260000, 51000000),
	(64, 'Balde', 'Difensore', 17, 'Spain', 1000, 2700000),
	(65, 'Coutinho', 'Attaccante', 29, 'Brazil', 165000, 29500000),
	(66, 'Dembélé', 'Attaccante', 24, 'France', 165000, 48000000),
	(67, 'Demir', 'Centrocampista', 18, 'Austria', 9000, 4000000),
	(68, 'Depay', 'Attaccante', 27, 'Netherlands', 220000, 55000000),
	(69, 'Dest', 'Difensore', 20, 'United States', 67000, 22500000),
	(70, 'Eric García', 'Difensore', 20, 'Spain', 71000, 14000000),
	(71, 'F. de Jong', 'Centrocampista', 24, 'Netherlands', 210000, 116500000),
	(72, 'Fati', 'Attaccante', 18, 'Spain', 44000, 38000000),
	(73, 'Gavi', 'Centrocampista', 16, 'Spain', 5000, 36000000),
	(74, 'Jordi Alba', 'Difensore', 32, 'Spain', 200000, 28000000),
	(75, 'L. de Jong', 'Attaccante', 30, 'Netherlands', 34000, 15000000),
	(76, 'Lenglet', 'Difensore', 26, 'France', 145000, 16000000),
	(77, 'Mingueza', 'Difensore', 22, 'Spain', 76000, 6500000),
	(78, 'Nico González', 'Centrocampista', 19, 'Spain', 23000, 12500000),
	(79, 'Pedri', 'Centrocampista', 18, 'Spain', 51000, 116000000),
	(80, 'Piqué', 'Difensore', 34, 'Spain', 175000, 9500000),
	(81, 'Ricard Puig', 'Centrocampista', 21, 'Spain', 75000, 9500000),
	(82, 'Ronald Araújo', 'Difensore', 22, 'Uruguay', 90000, 52000000),
	(83, 'Sergi Roberto', 'Centrocampista', 29, 'Spain', 140000, 18000000),
	(84, 'Sergio Busquets', 'Centrocampista', 32, 'Spain', 200000, 26500000),
	(85, 'Ter Stegen', 'Portiere', 29, 'Germany', 250000, 68500000),
	(86, 'Choupo-Moting', 'Centrocampista', 32, 'Cameroon', 63000, 3600000),
	(87, 'Coman', 'Attaccante', 25, 'France', 120000, 80000000),
	(88, 'Davies', 'Centrocampista', 20, 'Canada', 59000, 60500000),
	(89, 'Gnabry', 'Attaccante', 25, 'Germany', 110000, 59000000),
	(90, 'Goretzka', 'Centrocampista', 26, 'Germany', 140000, 91000000),
	(91, 'Kimmich', 'Centrocampista', 26, 'Germany', 160000, 105500000),
	(92, 'L. Hernández', 'Difensore', 25, 'France', 85000, 46000000),
	(93, 'Lewandowski', 'Attaccante', 32, 'Poland', 270000, 84000000),
	(94, 'Marc Roca', 'Difensore', 24, 'Spain', 49000, 9000000),
	(95, 'Müller', 'Attaccante', 31, 'Germany', 140000, 63000000),
	(96, 'Musiala', 'Centrocampista', 18, 'Germany', 20000, 55500000),
	(97, 'Neuer', 'Portiere', 35, 'Germany', 86000, 13500000),
	(98, 'Nianzou', 'Centrocampista', 19, 'France', 18000, 7000000),
	(99, 'Pavard', 'Difensore', 25, 'France', 64000, 20000000),
	(100, 'Richards', 'Difensore', 23, 'England', 40000, 4300000),
	(101, 'Sabitzer', 'Centrocampista', 27, 'Austria', 110000, 21000000),
	(102, 'Sané', 'Centrocampista', 25, 'Germany', 105000, 49500000),
	(103, 'Bouna Sarr', 'Difensore', 29, 'Senegal', 53000, 2600000),
	(104, 'Stanišic', 'Difensore', 21, 'Croatia', 9000, 5000000),
	(105, 'Süle', 'Difensore', 25, 'Germany', 78000, 59000000),
	(106, 'Tillman', 'Centrocampista', 19, 'United States', 7000, 1500000),
	(107, 'Tolisso', 'Centrocampista', 26, 'France', 78000, 27500000),
	(108, 'Ulreich', 'Portiere', 32, 'Germany', 41000, 1800000),
	(109, 'Upamecano', 'Difensore', 22, 'France', 70000, 37000000),
	(110, 'Alex Teixeira', 'Centrocampista', 31, 'Brazil', 46000, 6000000),
	(111, 'Batshuayi', 'Attaccante', 27, 'Belgium', 88000, 11000000),
	(112, 'Berkay Vardar', 'Centrocampista', 18, 'Turkey', 5000, 1100000),
	(113, 'Bozdogan', 'Centrocampista', 20, 'Germany', 3000, 2700000),
	(114, 'Ersin Destanoglu', 'Portiere', 20, 'Turkey', 14000, 7500000),
	(115, 'Ghezzal', 'Centrocampista', 29, 'Algeria', 47000, 17000000),
	(116, 'Gökhan Töre', 'Centrocampista', 29, 'Turkey', 28000, 1800000),
	(117, 'Günok', 'Portiere', 32, 'Turkey', 28000, 1000000),
	(118, 'Hutchinson', 'Centrocampista', 38, 'Canada', 25000, 750000),
	(119, 'Kenan Karaman', 'Attaccante', 27, 'Turkey', 27000, 2200000),
	(120, 'Larin', 'Attaccante', 26, 'Canada', 38000, 4900000),
	(121, 'Mehmet Topal', 'Centrocampista', 35, 'Turkey', 17000, 525000),
	(122, 'Meras', 'Difensore', 25, 'Turkey', 14000, 1500000),
	(123, 'Montero', 'Difensore', 22, 'Spain', 17000, 2000000),
	(124, 'Necip Uysal', 'Centrocampista', 30, 'Turkey', 17000, 975000),
	(125, 'N\'Koudou', 'Centrocampista', 26, 'France', 38000, 6000000),
	(126, 'N\'Sakala', 'Difensore', 30, 'Congo DR', 23000, 1600000),
	(127, 'Oguzhan Özyakup', 'Centrocampista', 28, 'Turkey', 30000, 2300000),
	(128, 'Pjanic', 'Centrocampista', 31, 'Bosnia and Herzegovina', 155000, 20000000),
	(129, 'Ridvan Yilmaz', 'Difensore', 20, 'Turkey', 14000, 6500000),
	(130, 'Rosier', 'Difensore', 24, 'France', 33000, 13000000),
	(131, 'Salih Uçan', 'Centrocampista', 27, 'Turkey', 38000, 6500000),
	(132, 'Serdar Saatçi', 'Difensore', 18, 'Turkey', 5000, 1300000),
	(133, 'Souza', 'Centrocampista', 32, 'Brazil', 55000, 7500000),
	(134, 'Vida', 'Difensore', 32, 'Croatia', 42000, 3600000),
	(135, 'Welinton', 'Difensore', 32, 'Brazil', 45000, 2900000),
	(136, 'André Almeida', 'Difensore', 30, 'Portugal', 13000, 3100000),
	(137, 'Diogo Gonçalves', 'Centrocampista', 24, 'Portugal', 12000, 5500000),
	(138, 'Everton', 'Attaccante', 25, 'Brazil', 17000, 21000000),
	(139, 'Gil Dias', 'Centrocampista', 24, 'Portugal', 11000, 2800000),
	(140, 'Gilberto', 'Difensore', 28, 'Brazil', 12000, 12500000),
	(141, 'Gonçalo Ramos', 'Attaccante', 20, 'Portugal', 8000, 12500000),
	(142, 'Grimaldo', 'Difensore', 25, 'Spain', 18000, 36500000),
	(143, 'João Mário Naval da Costa Eduardo', 'Centrocampista', 28, 'Portugal', 19000, 17000000),
	(144, 'Lázaro', 'Centrocampista', 25, 'Austria', 76000, 6000000),
	(145, 'Meite', 'Centrocampista', 27, 'France', 14000, 5500000),
	(146, 'Morato', 'Difensore', 20, 'Brazil', 4000, 9000000),
	(147, 'Núñez', 'Attaccante', 22, 'Uruguay', 13000, 61500000),
	(148, 'Otamendi', 'Difensore', 33, 'Argentina', 18000, 8500000),
	(149, 'Paulo Bernardo', 'Centrocampista', 19, 'Portugal', 3000, 2700000),
	(150, 'Pizzi', 'Centrocampista', 31, 'Portugal', 19000, 14500000),
	(151, 'Radonjic', 'Attaccante', 25, 'Serbia', 32000, 5000000),
	(152, 'Rafa Silva', 'Attaccante', 28, 'Portugal', 22000, 30000000),
	(153, 'Seferovic', 'Attaccante', 29, 'Switzerland', 18000, 7500000),
	(154, 'Taarabt', 'Centrocampista', 32, 'Morocco', 15000, 3500000),
	(155, 'Verissimo', 'Difensore', 25, 'Brazil', 15000, 20500000),
	(156, 'Vertonghen', 'Difensore', 34, 'Belgium', 18000, 7000000),
	(157, 'Vlachodimos', 'Portiere', 27, 'Greece', 14000, 22000000),
	(158, 'Weigl', 'Centrocampista', 25, 'Germany', 16000, 23000000),
	(159, 'Yaremchuk', 'Attaccante', 25, 'Ukraine', 15000, 10000000),
	(160, 'Marcos Alonso', 'Difensore', 30, 'Spain', 95000, 12500000),
	(161, 'Azpilicueta', 'Difensore', 31, 'Spain', 125000, 20000000),
	(162, 'Barkley', 'Centrocampista', 27, 'England', 95000, 7500000),
	(163, 'Chalobah', 'Difensore', 21, 'England', 43000, 11000000),
	(164, 'Chilwell', 'Difensore', 24, 'England', 100000, 37000000),
	(165, 'Christensen', 'Difensore', 25, 'Denmark', 95000, 37500000),
	(166, 'Havertz', 'Centrocampista', 22, 'Germany', 130000, 94500000),
	(167, 'Hudson-Odoi', 'Centrocampista', 20, 'England', 72000, 21500000),
	(168, 'James', 'Difensore', 21, 'England', 76000, 57000000),
	(169, 'Jorginho', 'Centrocampista', 29, 'Italy', 170000, 51500000),
	(170, 'Kanté', 'Centrocampista', 30, 'France', 230000, 72000000),
	(171, 'Kepa', 'Portiere', 26, 'Spain', 76000, 20500000),
	(172, 'Kovacic', 'Centrocampista', 27, 'Croatia', 135000, 42000000),
	(173, 'Loftus-Cheek', 'Attaccante', 25, 'England', 74000, 9500000),
	(174, 'Lukaku', 'Attaccante', 28, 'Belgium', 260000, 68000000),
	(175, 'Édouard Mendy', 'Portiere', 29, 'Senegal', 105000, 51000000),
	(176, 'Mount', 'Centrocampista', 22, 'England', 120000, 57500000),
	(177, 'Pulišic', 'Centrocampista', 22, 'United States', 120000, 48000000),
	(178, 'Rüdiger', 'Difensore', 28, 'Germany', 130000, 73500000),
	(179, 'Malang Sarr', 'Difensore', 22, 'France', 56000, 7000000),
	(180, 'Saúl Ñíguez', 'Centrocampista', 26, 'Spain', 68000, 24000000),
	(181, 'Thiago Silva', 'Difensore', 36, 'Brazil', 105000, 12000000),
	(182, 'Werner', 'Attaccante', 25, 'Germany', 155000, 38000000),
	(183, 'Ziyech', 'Centrocampista', 28, 'Morocco', 170000, 35500000),
	(184, 'Balanta', 'Centrocampista', 28, 'Colombia', 22000, 5500000),
	(185, 'Clinton Mata', 'Difensore', 28, 'Angola', 27000, 15500000),
	(186, 'De Ketelaere', 'Attaccante', 20, 'Belgium', 19000, 32000000),
	(187, 'Dost', 'Attaccante', 32, 'Netherlands', 29000, 8500000),
	(188, 'Hendry', 'Difensore', 26, 'Scotland ', 12000, 3500000),
	(189, 'Izquierdo', 'Attaccante', 28, 'Colombia', 18000, 1900000),
	(190, 'Lang', 'Attaccante', 22, 'Netherlands', 27000, 28000000),
	(191, 'Maouassa', 'Difensore', 22, 'France', 21000, 13500000),
	(192, 'Mbamba-Muanda', 'Difensore', 16, 'Belgium', 500, 1500000),
	(193, 'Mechele', 'Difensore', 28, 'Belgium', 24000, 7000000),
	(194, 'Mignolet', 'Portiere', 33, 'Belgium', 24000, 3600000),
	(195, 'Nsoki', 'Difensore', 22, 'France', 11000, 4400000),
	(196, 'Ricca', 'Difensore', 26, 'Uruguay', 18000, 3500000),
	(197, 'Rits', 'Centrocampista', 27, 'Belgium', 22000, 7500000),
	(198, 'Sandra', 'Centrocampista', 17, 'Belgium', 550, 1500000),
	(199, 'Sobol', 'Difensore', 26, 'Ukraine', 21000, 4400000),
	(200, 'Sowah', 'Attaccante', 21, 'Ghana', 11000, 3600000),
	(201, 'Van Der Brempt', 'Difensore', 19, 'Belgium', 3000, 2300000),
	(202, 'Vanaken', 'Centrocampista', 28, 'Belgium', 29000, 20500000),
	(203, 'Vormer', 'Centrocampista', 33, 'Netherlands', 28000, 8500000),
	(204, 'Wesley', 'Attaccante', 24, 'Brazil', 54000, 6000000),
	(205, 'Akanji', 'Difensore', 25, 'Switzerland', 54000, 26500000),
	(206, 'Bellingham', 'Centrocampista', 18, 'England', 21000, 81500000),
	(207, 'Brandt', 'Centrocampista', 25, 'Germany', 64000, 40000000),
	(208, 'Dahoud', 'Centrocampista', 25, 'Germany', 56000, 26000000),
	(209, 'Emre Can', 'Difensore', 27, 'Germany', 72000, 30500000),
	(210, 'Guerreiro', 'Difensore', 27, 'Portugal', 79000, 27500000),
	(211, 'Haaland', 'Attaccante', 20, 'Norway', 110000, 148000000),
	(212, 'Hummels', 'Difensore', 32, 'Germany', 95000, 20000000),
	(213, 'Knauff', 'Centrocampista', 19, 'Germany', 9000, 12500000),
	(214, 'Kobel', 'Portiere', 23, 'Switzerland', 36000, 44000000),
	(215, 'Malen', 'Attaccante', 22, 'Netherlands', 59000, 28000000),
	(216, 'Meunier', 'Difensore', 29, 'Belgium', 48000, 12000000),
	(217, 'Moukoko', 'Attaccante', 16, 'Germany', 4000, 3500000),
	(218, 'Passlack', 'Centrocampista', 23, 'Germany', 22000, 2300000),
	(219, 'Pongracic', 'Difensore', 23, 'Croatia', 38000, 5500000),
	(220, 'Reinier', 'Attaccante', 19, 'Brazil', 45000, 3100000),
	(221, 'Reus', 'Centrocampista', 32, 'Germany', 95000, 33500000),
	(222, 'Schulz', 'Difensore', 28, 'Germany', 48000, 5000000),
	(223, 'Thorgan Hazard', 'Centrocampista', 28, 'Belgium', 75000, 20500000),
	(224, 'Tigges', 'Attaccante', 22, 'Germany', 13000, 1800000),
	(225, 'Witsel', 'Centrocampista', 32, 'Belgium', 72000, 8500000),
	(226, 'Wolf', 'Centrocampista', 26, 'Germany', 44000, 11000000),
	(227, 'Zagadou', 'Difensore', 22, 'France', 42000, 14500000),
	(228, 'Andriyevskiy', 'Centrocampista', 27, 'Ukraine', 500, 1100000),
	(229, 'Boyko', 'Portiere', 33, 'Ukraine', 650, 1000000),
	(230, 'Bushchan', 'Portiere', 27, 'Ukraine', 750, 5000000),
	(231, 'Buyalskiy', 'Centrocampista', 28, 'Ukraine', 1000, 7500000),
	(232, 'De Pena', 'Centrocampista', 29, 'Uruguay', 1000, 4100000),
	(233, 'Eric Ramirez', 'Attaccante', 22, 'Venezuela', 500, 1900000),
	(234, 'Garmash', 'Centrocampista', 31, 'Ukraine', 850, 2500000),
	(235, 'Kedziora', 'Difensore', 27, 'Poland', 900, 6000000),
	(236, 'Oleksandr Karavaev', 'Difensore', 29, 'Ukraine', 900, 2900000),
	(237, 'Lednev', 'Centrocampista', 23, 'Ukraine', 750, 7000000),
	(238, 'Mykolenko', 'Difensore', 22, 'Ukraine', 850, 14500000),
	(239, 'Shabanov', 'Difensore', 29, 'Ukraine', 500, 1300000),
	(240, 'Shaparenko', 'Centrocampista', 22, 'Ukraine', 900, 23500000),
	(241, 'Shepeliev', 'Centrocampista', 24, 'Ukraine', 650, 3500000),
	(242, 'Shkurin', 'Attaccante', 21, 'Belarus', 500, 1400000),
	(243, 'Supryaha', 'Attaccante', 21, 'Ukraine', 550, 3800000),
	(244, 'Sydorchuk', 'Centrocampista', 30, 'Ukraine', 900, 4700000),
	(245, 'Syrota', 'Difensore', 21, 'Ukraine', 500, 3900000),
	(246, 'Tsygankov', 'Centrocampista', 23, 'Ukraine', 1000, 32000000),
	(247, 'Tymchyk', 'Difensore', 24, 'Ukraine', 600, 3000000),
	(248, 'Verbic', 'Centrocampista', 27, 'Slovenia', 1000, 11000000),
	(249, 'Vitinho', 'Centrocampista', 22, 'Brazil', 500, 1600000),
	(250, 'Zabarnyi', 'Difensore', 18, 'Ukraine', 500, 6000000),
	(251, 'Alexis Sánchez', 'Attaccante', 32, 'Chile', 105000, 11000000),
	(252, 'Barella', 'Centrocampista', 24, 'Italy', 120000, 89500000),
	(253, 'Bastoni', 'Difensore', 22, 'Italy', 77000, 60500000),
	(254, 'Brozovic', 'Centrocampista', 28, 'Croatia', 130000, 58000000),
	(255, 'Joaquín Correa', 'Attaccante', 26, 'Argentina', 76000, 23000000),
	(256, 'D\'Ambrosio', 'Difensore', 32, 'Italy', 85000, 6500000),
	(257, 'Darmian', 'Difensore', 31, 'Italy', 77000, 14500000),
	(258, 'De Vrij', 'Difensore', 29, 'Netherlands', 145000, 34500000),
	(259, 'Dimarco', 'Difensore', 23, 'Italy', 58000, 20000000),
	(260, 'Dumfries', 'Difensore', 25, 'Netherlands', 100000, 34500000),
	(261, 'Džeko', 'Attaccante', 35, 'Bosnia and Herzegovina', 105000, 14500000),
	(262, 'Gagliardini', 'Centrocampista', 27, 'Italy', 73000, 6500000),
	(263, 'Hakan Çalhanoglu', 'Centrocampista', 27, 'Turkey', 115000, 42000000),
	(264, 'Handanovic', 'Portiere', 36, 'Slovenia', 78000, 4700000),
	(265, 'Kolarov', 'Difensore', 35, 'Serbia', 55000, 4300000),
	(266, 'Lautaro Martínez', 'Attaccante', 23, 'Argentina', 145000, 98500000),
	(267, 'Perišic', 'Centrocampista', 32, 'Croatia', 105000, 26500000),
	(268, 'Ranocchia', 'Difensore', 33, 'Italy', 60000, 1400000),
	(269, 'Sensi', 'Centrocampista', 25, 'Italy', 95000, 16500000),
	(270, 'Škriniar', 'Difensore', 26, 'Slovakia', 150000, 68500000),
	(271, 'Vecino', 'Centrocampista', 29, 'Uruguay', 88000, 13500000),
	(272, 'Vidal', 'Centrocampista', 34, 'Chile', 105000, 12000000),
	(273, 'Alex Sandro', 'Difensore', 30, 'Brazil', 95000, 15500000),
	(274, 'Arthur', 'Centrocampista', 24, 'Brazil', 90000, 26500000),
	(275, 'Bentancur', 'Centrocampista', 24, 'Uruguay', 61000, 24500000),
	(276, 'Bernardeschi', 'Centrocampista', 27, 'Italy', 77000, 17500000),
	(277, 'Bonucci', 'Difensore', 34, 'Italy', 110000, 11000000),
	(278, 'Chiellini', 'Difensore', 36, 'Italy', 88000, 7500000),
	(279, 'Chiesa', 'Attaccante', 23, 'Italy', 74000, 66500000),
	(280, 'Cuadrado', 'Centrocampista', 33, 'Colombia', 95000, 13500000),
	(281, 'Da Graca', 'Attaccante', 19, 'Italy', 15000, 1400000),
	(282, 'Danilo Luiz da Silva', 'Difensore', 29, 'Brazil', 83000, 18000000),
	(283, 'De Ligt', 'Difensore', 21, 'Netherlands', 81000, 71000000),
	(284, 'De Sciglio', 'Difensore', 28, 'Italy', 58000, 6500000),
	(285, 'De Winter', 'Difensore', 19, 'Belgium', 12000, 1300000),
	(286, 'Dybala', 'Attaccante', 27, 'Argentina', 160000, 69500000),
	(287, 'Kean', 'Attaccante', 21, 'Italy', 69000, 32000000),
	(288, 'Kulusevski', 'Centrocampista', 21, 'Sweden', 72000, 41500000),
	(289, 'Locatelli', 'Centrocampista', 23, 'Italy', 74000, 40000000),
	(290, 'Luca Pellegrini', 'Difensore', 22, 'Italy', 42000, 11000000),
	(291, 'McKennie', 'Centrocampista', 22, 'United States', 57000, 31500000),
	(292, 'Miretti', 'Centrocampista', 18, 'Italy', 15000, 3700000),
	(293, 'Morata', 'Attaccante', 28, 'Spain', 84000, 21000000),
	(294, 'Perin', 'Portiere', 28, 'Italy', 64000, 13500000),
	(295, 'Rabiot', 'Centrocampista', 26, 'France', 87000, 24000000),
	(296, 'Ramsey', 'Centrocampista', 30, 'Wales', 81000, 6000000),
	(297, 'Rugani', 'Difensore', 26, 'Italy', 60000, 7500000),
	(298, 'Szczesny', 'Portiere', 31, 'Poland', 105000, 33500000),
	(299, 'Vlahovic', 'Attaccante', 21, 'Serbia', 43000, 86500000),
	(300, 'Zakaria', 'Centrocampista', 24, 'Switzerland', 28000, 34500000),
	(301, 'Adams', 'Centrocampista', 22, 'United States', 49000, 10000000),
	(302, 'André Silva', 'Attaccante', 25, 'Portugal', 110000, 38000000),
	(303, 'Angeliño', 'Difensore', 24, 'Spain', 77000, 42000000),
	(304, 'Bonnah', 'Centrocampista', 17, 'Netherlands', 2000, 975000),
	(305, 'Brobbey', 'Attaccante', 19, 'Netherlands', 31000, 16500000),
	(306, 'Forsberg', 'Attaccante', 29, 'Sweden', 87000, 25000000),
	(307, 'Gulácsi', 'Portiere', 31, 'Hungary', 87000, 26500000),
	(308, 'Gvardiol', 'Difensore', 19, 'Croatia', 27000, 53000000),
	(309, 'Haidara', 'Centrocampista', 23, 'Mali', 58000, 20000000),
	(310, 'Henrichs', 'Difensore', 24, 'Germany', 46000, 13000000),
	(311, 'Kampl', 'Centrocampista', 30, 'Slovenia', 83000, 17500000),
	(312, 'Klostermann', 'Difensore', 25, 'Germany', 67000, 23000000),
	(313, 'Laimer', 'Centrocampista', 24, 'Austria', 65000, 38500000),
	(314, 'Josep Martínez', 'Portiere', 23, 'Spain', 14000, 2300000),
	(315, 'Moriba', 'Centrocampista', 18, 'Guinea', 17000, 6500000),
	(316, 'Mukiele', 'Difensore', 23, 'France', 65000, 23500000),
	(317, 'Nkunku', 'Centrocampista', 23, 'France', 72000, 94000000),
	(318, 'Novoa', 'Centrocampista', 18, 'Spain', 4000, 2000000),
	(319, 'Olmo', 'Attaccante', 23, 'Spain', 78000, 46000000),
	(320, 'Orbán', 'Difensore', 28, 'Hungary', 79000, 25500000),
	(321, 'Poulsen', 'Attaccante', 27, 'Denmark', 68000, 11000000),
	(322, 'Simakan', 'Difensore', 21, 'France', 36000, 29500000),
	(323, 'Szoboszlai', 'Centrocampista', 20, 'Hungary', 46000, 39500000),
	(324, 'Alexander-Arnold', 'Difensore', 22, 'England', 150000, 100500000),
	(325, 'Alisson Becker', 'Portiere', 28, 'Brazil', 190000, 79000000),
	(326, 'Bradley', 'Centrocampista', 18, 'Northern Ireland', 4000, 975000),
	(327, 'Diogo Jota', 'Attaccante', 24, 'Portugal', 120000, 76000000),
	(328, 'Elliott', 'Centrocampista', 18, 'England', 29000, 7000000),
	(329, 'Fabinho', 'Centrocampista', 27, 'Brazil', 165000, 77000000),
	(330, 'Firmino', 'Centrocampista', 29, 'Brazil', 185000, 35500000),
	(331, 'Gomez', 'Difensore', 24, 'England', 100000, 34000000),
	(332, 'Jordan Henderson', 'Centrocampista', 31, 'England', 140000, 28500000),
	(333, 'Curtis Jones', 'Centrocampista', 20, 'England', 49000, 17000000),
	(334, 'Keïta', 'Centrocampista', 26, 'Guinea', 110000, 29500000),
	(335, 'Konaté', 'Difensore', 22, 'France', 73000, 48000000),
	(336, 'Luis Díaz', 'Attaccante', 24, 'Colombia', 16000, 56000000),
	(337, 'Mané', 'Centrocampista', 29, 'Senegal', 270000, 99500000),
	(338, 'Matip', 'Difensore', 29, 'Cameroon', 130000, 34500000),
	(339, 'Milner', 'Centrocampista', 35, 'England', 76000, 4400000),
	(340, 'Minamino', 'Attaccante', 26, 'Japan', 84000, 6500000),
	(341, 'Morton', 'Centrocampista', 18, 'England', 9000, 1300000),
	(342, 'N. Williams', 'Difensore', 20, 'Wales', 21000, 4000000),
	(343, 'Origi', 'Attaccante', 26, 'Belgium', 88000, 9000000),
	(344, 'Oxlade-Chamberlain', 'Centrocampista', 27, 'England', 100000, 10500000),
	(345, 'Phillips', 'Difensore', 24, 'England', 52000, 3600000),
	(346, 'Robertson', 'Difensore', 27, 'Scotland ', 175000, 72000000),
	(347, 'Salah', 'Attaccante', 29, 'Egypt', 270000, 115500000),
	(348, 'Thiago Alcántara', 'Centrocampista', 30, 'Spain', 180000, 55500000),
	(349, 'Tsimikas', 'Difensore', 25, 'Greece', 67000, 12500000),
	(350, 'Van Dijk', 'Difensore', 29, 'Netherlands', 230000, 98000000),
	(351, 'Woltman', 'Centrocampista', 17, 'England', 6000, 375000),
	(352, 'André', 'Centrocampista', 30, 'France', 43000, 12500000),
	(353, 'Bamba', 'Attaccante', 25, 'France', 42000, 9000000),
	(354, 'Ben Arfa', 'Centrocampista', 34, 'France', 34000, 2700000),
	(355, 'Botman', 'Difensore', 21, 'Netherlands', 27000, 31000000),
	(356, 'Bradaric', 'Difensore', 21, 'Croatia', 20000, 8500000),
	(357, 'Burak Yilmaz', 'Attaccante', 35, 'Turkey', 39000, 3600000),
	(358, 'David', 'Attaccante', 21, 'Canada', 31000, 28500000),
	(359, 'José Fonte', 'Difensore', 37, 'Portugal', 30000, 3800000),
	(360, 'Gomes', 'Centrocampista', 20, 'England', 15000, 7000000),
	(361, 'Grbic', 'Portiere', 25, 'Croatia', 25000, 4500000),
	(362, 'Gudmundsson', 'Difensore', 22, 'Sweden', 21000, 9000000),
	(363, 'Ikoné', 'Centrocampista', 23, 'France', 36000, 20000000),
	(364, 'Leo Jardim', 'Portiere', 26, 'Brazil', 21000, 3200000),
	(365, 'Lihadji', 'Attaccante', 19, 'France', 7000, 2900000),
	(366, 'Amadou Onana', 'Centrocampista', 19, 'Belgium', 6000, 8500000),
	(367, 'Reinildo', 'Difensore', 27, 'Mozambique', 34000, 16000000),
	(368, 'Renato Sanches', 'Centrocampista', 23, 'Portugal', 38000, 33000000),
	(369, 'Tiago Djaló', 'Difensore', 21, 'Portugal', 19000, 10500000),
	(370, 'Weah', 'Attaccante', 21, 'United States', 24000, 8500000),
	(371, 'Xeka', 'Centrocampista', 26, 'Portugal', 32000, 9000000),
	(372, 'Yusuf Yazici', 'Centrocampista', 24, 'Turkey', 36000, 10500000),
	(373, 'Zeki Çelik', 'Difensore', 24, 'Turkey', 32000, 9000000),
	(374, 'Zhegrova', 'Centrocampista', 22, 'Kosovo', 9000, 8500000),
	(375, 'Colak', 'Attaccante', 27, 'Croatia', 1000, 2400000),
	(376, 'Abubakari', 'Attaccante', 21, 'Ghana', 1000, 900000),
	(377, 'Ahmedhodžic', 'Difensore', 22, 'Bosnia and Herzegovina', 6000, 4900000),
	(378, 'Berget', 'Centrocampista', 30, 'Norway', 5000, 1200000),
	(379, 'Birmancevic', 'Centrocampista', 23, 'Serbia', 5000, 2500000),
	(380, 'Brorsson', 'Difensore', 25, 'Sweden', 3000, 1200000),
	(381, 'Christiansen', 'Centrocampista', 31, 'Denmark', 9000, 4600000),
	(382, 'Dahlin', 'Portiere', 34, 'Sweden', 5000, 325000),
	(383, 'Diawara', 'Portiere', 26, 'Mali', 2000, 850000),
	(384, 'Eile', 'Difensore', 18, 'Sweden', 700, 550000),
	(385, 'Innocent', 'Centrocampista', 25, 'Nigeria', 2000, 1100000),
	(386, 'L. Nielsen', 'Difensore', 33, 'Denmark', 3000, 575000),
	(387, 'Larsson', 'Difensore', 29, 'Sweden', 4000, 1200000),
	(388, 'Lewicki', 'Centrocampista', 28, 'Sweden', 4000, 1200000),
	(389, 'M. Olsson', 'Difensore', 33, 'Sweden', 6000, 700000),
	(390, 'Moisander', 'Difensore', 35, 'Finland', 4000, 425000),
	(391, 'Nalic', 'Centrocampista', 23, 'Bosnia and Herzegovina', 2000, 1400000),
	(392, 'Nanasi', 'Centrocampista', 19, 'Sweden', 800, 1400000),
	(393, 'Sergio Peña', 'Centrocampista', 25, 'Peru', 7000, 3100000),
	(394, 'Rakip', 'Centrocampista', 25, 'North Macedonia', 3000, 1600000),
	(395, 'Rieks', 'Centrocampista', 34, 'Denmark', 4000, 575000),
	(396, 'Aké', 'Difensore', 26, 'Netherlands', 95000, 15000000),
	(397, 'Bernardo Silva', 'Centrocampista', 26, 'Portugal', 200000, 97500000),
	(398, 'Carson', 'Portiere', 35, 'England', 15000, 80000),
	(399, 'De Bruyne', 'Centrocampista', 30, 'Belgium', 350000, 107500000),
	(400, 'Delap', 'Attaccante', 18, 'England', 9000, 2200000),
	(401, 'Ederson', 'Portiere', 27, 'Brazil', 200000, 88000000),
	(402, 'Egan-Riley', 'Difensore', 18, 'England', 4000, 1100000),
	(403, 'Fernandinho', 'Centrocampista', 36, 'Brazil', 100000, 5000000),
	(404, 'Ferran Torres', 'Attaccante', 21, 'Spain', 120000, 49000000),
	(405, 'Foden', 'Centrocampista', 21, 'England', 125000, 109500000),
	(406, 'Grealish', 'Centrocampista', 25, 'England', 180000, 49500000),
	(407, 'Gündogan', 'Centrocampista', 30, 'Germany', 185000, 44000000),
	(408, 'Gabriel Jesus', 'Attaccante', 24, 'Brazil', 150000, 48500000),
	(409, 'João Cancelo', 'Difensore', 27, 'Portugal', 185000, 82500000),
	(410, 'Laporte', 'Difensore', 27, 'Spain', 185000, 64500000),
	(411, 'Mahrez', 'Centrocampista', 30, 'Algeria', 220000, 56500000),
	(412, 'Mbete', 'Difensore', 17, 'England', 700, 1000000),
	(413, 'McAtee', 'Centrocampista', 18, 'England', 6000, 1000000),
	(414, 'Palmer', 'Centrocampista', 19, 'England', 14000, 2700000),
	(415, 'Rodri', 'Centrocampista', 25, 'Spain', 175000, 88500000),
	(416, 'Rúben Dias', 'Difensore', 24, 'Portugal', 170000, 107500000),
	(417, 'Zack Steffen', 'Portiere', 26, 'United States', 73000, 9500000),
	(418, 'Sterling', 'Attaccante', 26, 'England', 290000, 72500000),
	(419, 'Stones', 'Difensore', 27, 'England', 140000, 34500000),
	(420, 'Walker', 'Difensore', 31, 'England', 170000, 37500000),
	(421, 'Zinchenko', 'Difensore', 24, 'Ukraine', 95000, 21500000),
	(422, 'Alex Telles', 'Difensore', 28, 'Brazil', 130000, 18500000),
	(423, 'Bailly', 'Difensore', 27, 'Côte d\'Ivoire', 100000, 7000000),
	(424, 'Bruno Fernandes', 'Centrocampista', 26, 'Portugal', 250000, 78500000),
	(425, 'Cavani', 'Attaccante', 34, 'Uruguay', 190000, 15000000),
	(426, 'Dalot', 'Difensore', 22, 'Portugal', 68000, 21000000),
	(427, 'De Gea', 'Portiere', 30, 'Spain', 120000, 42000000),
	(428, 'Amad Diallo', 'Centrocampista', 18, 'Côte d\'Ivoire', 12000, 3600000),
	(429, 'Elanga', 'Attaccante', 19, 'Sweden', 12000, 9500000),
	(430, 'Fred', 'Centrocampista', 28, 'Brazil', 120000, 20500000),
	(431, 'Greenwood', 'Attaccante', 19, 'England', 56000, 38000000),
	(432, 'Heaton', 'Portiere', 35, 'England', 42000, 350000),
	(433, 'Dean Henderson', 'Portiere', 24, 'England', 70000, 18000000),
	(434, 'Iqbal', 'Centrocampista', 18, 'Iraq', 5000, 825000),
	(435, 'Lindelöf', 'Difensore', 26, 'Sweden', 105000, 21000000),
	(436, 'Lingard', 'Centrocampista', 28, 'England', 115000, 14000000),
	(437, 'Maguire', 'Difensore', 28, 'England', 155000, 24000000),
	(438, 'Martial', 'Attaccante', 25, 'France', 130000, 28000000),
	(439, 'Mata', 'Centrocampista', 33, 'Spain', 100000, 4700000),
	(440, 'Matic', 'Centrocampista', 32, 'Serbia', 100000, 8500000),
	(441, 'McTominay', 'Centrocampista', 24, 'Scotland ', 90000, 25000000),
	(442, 'Mengi', 'Difensore', 19, 'England', 10000, 2300000),
	(443, 'Pogba', 'Centrocampista', 28, 'France', 220000, 52500000),
	(444, 'Rashford', 'Attaccante', 23, 'England', 150000, 37000000),
	(445, 'Cristiano Ronaldo', 'Attaccante', 36, 'Portugal', 270000, 41000000),
	(446, 'Sancho', 'Centrocampista', 21, 'England', 150000, 61500000),
	(447, 'Savage', 'Centrocampista', 18, 'Wales', 4000, 600000),
	(448, 'Shaw', 'Difensore', 25, 'England', 140000, 22500000),
	(449, 'Shoretire', 'Centrocampista', 17, 'England', 2000, 1500000),
	(450, 'Van de Beek', 'Centrocampista', 24, 'Netherlands', 110000, 25500000),
	(451, 'Varane', 'Difensore', 28, 'France', 180000, 39000000),
	(452, 'Wan-Bissaka', 'Difensore', 23, 'England', 115000, 26500000),
	(453, 'Bakayoko', 'Difensore', 26, 'France', 95000, 6000000),
	(454, 'Ballo-Touré', 'Difensore', 24, 'Senegal', 20000, 3000000),
	(455, 'Bennacer', 'Centrocampista', 23, 'Algeria', 41000, 40000000),
	(456, 'Brahim Díaz', 'Centrocampista', 21, 'Spain', 90000, 31500000),
	(457, 'Calabria', 'Difensore', 24, 'Italy', 31000, 25500000),
	(458, 'Florenzi', 'Difensore', 30, 'Italy', 58000, 12500000),
	(459, 'Giroud', 'Attaccante', 34, 'France', 48000, 13000000),
	(460, 'Ibrahimovic', 'Attaccante', 39, 'Sweden', 51000, 1000000),
	(461, 'Kalulu', 'Difensore', 21, 'France', 11000, 26500000),
	(462, 'Kessié', 'Centrocampista', 24, 'Côte d\'Ivoire', 51000, 47500000),
	(463, 'Kjær', 'Difensore', 32, 'Denmark', 54000, 14500000),
	(464, 'Krunic', 'Centrocampista', 27, 'Bosnia and Herzegovina', 33000, 10500000),
	(465, 'Maignan', 'Portiere', 25, 'France', 45000, 80000000),
	(466, 'Maldini', 'Attaccante', 19, 'Italy', 3000, 1700000),
	(467, 'Messias Junior', 'Attaccante', 30, 'Brazil', 12000, 11500000),
	(468, 'Rafael Leão', 'Attaccante', 22, 'Portugal', 36000, 66500000),
	(469, 'Rebic', 'Attaccante', 27, 'Croatia', 54000, 21000000),
	(470, 'Romagnoli', 'Difensore', 26, 'Italy', 49000, 19500000),
	(471, 'Saelemaekers', 'Centrocampista', 22, 'Belgium', 34000, 20000000),
	(472, 'T. Hernández', 'Difensore', 23, 'France', 51000, 76000000),
	(473, 'Tatarusanu', 'Portiere', 35, 'Romania', 18000, 825000),
	(474, 'Tomori', 'Difensore', 23, 'England', 35000, 60500000),
	(475, 'Tonali', 'Centrocampista', 21, 'Italy', 25000, 62500000),
	(476, 'Danilo Pereira', 'Centrocampista', 29, 'Portugal', 85000, 17500000),
	(477, 'Di María', 'Attaccante', 33, 'Argentina', 160000, 20000000),
	(478, 'Abdou Diallo', 'Difensore', 25, 'Senegal', 62000, 11500000),
	(479, 'Dina Ebimbe', 'Centrocampista', 20, 'France', 33000, 3800000),
	(480, 'Donnarumma', 'Portiere', 22, 'Italy', 110000, 103500000),
	(481, 'Draxler', 'Attaccante', 27, 'Germany', 83000, 17500000),
	(482, 'Gueye', 'Centrocampista', 31, 'Senegal', 88000, 20500000),
	(483, 'Hakimi', 'Difensore', 22, 'Morocco', 100000, 53500000),
	(484, 'Ander Herrera', 'Centrocampista', 31, 'Spain', 78000, 14000000),
	(485, 'Icardi', 'Attaccante', 28, 'Argentina', 120000, 10500000),
	(486, 'Kehrer', 'Difensore', 24, 'Germany', 49000, 9000000),
	(487, 'Kimpembe', 'Difensore', 25, 'France', 90000, 42000000),
	(488, 'Marquinhos', 'Difensore', 27, 'Brazil', 135000, 92000000),
	(489, 'Mbappé', 'Attaccante', 22, 'France', 230000, 190500000),
	(490, 'Messi', 'Attaccante', 34, 'Argentina', 320000, 54000000),
	(491, 'Navas', 'Portiere', 34, 'Costa Rica', 130000, 10000000),
	(492, 'Neymar', 'Attaccante', 29, 'Brazil', 270000, 99500000),
	(493, 'Nuno Mendes', 'Difensore', 19, 'Portugal', 8000, 44000000),
	(494, 'Paredes', 'Centrocampista', 27, 'Argentina', 81000, 18500000),
	(495, 'Verratti', 'Centrocampista', 28, 'Italy', 155000, 77500000),
	(496, 'Wijnaldum', 'Centrocampista', 30, 'Netherlands', 115000, 17500000),
	(497, 'Bruno Costa', 'Centrocampista', 24, 'Portugal', 12000, 15000000),
	(498, 'Corona', 'Attaccante', 28, 'Mexico', 22000, 25500000),
	(499, 'Diogo Costa', 'Portiere', 21, 'Portugal', 5000, 30500000),
	(500, 'Evanilson', 'Attaccante', 21, 'Brazil', 9000, 32000000),
	(501, 'Fábio Cardoso', 'Difensore', 27, 'Portugal', 12000, 5500000),
	(502, 'Fábio Vieira', 'Centrocampista', 21, 'Portugal', 7000, 23500000),
	(503, 'Francisco Conceição', 'Attaccante', 18, 'Portugal', 3000, 5500000),
	(504, 'Grujic', 'Centrocampista', 25, 'Serbia', 12000, 9500000),
	(505, 'João Mário Neto Lopes', 'Attaccante', 21, 'Portugal', 6000, 12000000),
	(506, 'Marcano', 'Difensore', 34, 'Spain', 13000, 3400000),
	(507, 'Mbemba', 'Difensore', 26, 'Congo DR', 16000, 18500000),
	(508, 'Otávio', 'Centrocampista', 26, 'Portugal', 19000, 32500000),
	(509, 'Pepe', 'Difensore', 38, 'Portugal', 14000, 4600000),
	(510, 'Pepê', 'Attaccante', 24, 'Brazil', 14000, 14000000),
	(511, 'Sérgio Oliveira', 'Centrocampista', 29, 'Portugal', 19000, 17000000),
	(512, 'Taremi', 'Attaccante', 28, 'Iran', 19000, 25500000),
	(513, 'Toni Martínez', 'Attaccante', 24, 'Spain', 13000, 8500000),
	(514, 'Uribe', 'Centrocampista', 30, 'Colombia', 17000, 21000000),
	(515, 'Vitinha', 'Centrocampista', 21, 'Portugal', 3000, 39500000),
	(516, 'Wendell', 'Difensore', 27, 'Brazil', 12000, 5500000),
	(517, 'Zaidu', 'Difensore', 24, 'Nigeria', 11000, 9500000),
	(518, 'Alaba', 'Difensore', 29, 'Austria', 195000, 55500000),
	(519, 'Asensio', 'Attaccante', 25, 'Spain', 190000, 43000000),
	(520, 'Bale', 'Attaccante', 31, 'Wales', 170000, 20500000),
	(521, 'Benzema', 'Attaccante', 33, 'France', 350000, 64000000),
	(522, 'Blanco', 'Centrocampista', 20, 'Spain', 30000, 4200000),
	(523, 'Camavinga', 'Centrocampista', 18, 'France', 44000, 38000000),
	(524, 'Carvajal', 'Difensore', 29, 'Spain', 210000, 36500000),
	(525, 'Casemiro', 'Centrocampista', 29, 'Brazil', 310000, 86000000),
	(526, 'Ceballos', 'Centrocampista', 24, 'Spain', 100000, 14000000),
	(527, 'Courtois', 'Portiere', 29, 'Belgium', 250000, 90000000),
	(528, 'Eden Hazard', 'Attaccante', 30, 'Belgium', 240000, 35000000),
	(529, 'Éder Militão', 'Difensore', 23, 'Brazil', 130000, 57500000),
	(530, 'Jovic', 'Attaccante', 23, 'Serbia', 130000, 27000000),
	(531, 'Kroos', 'Centrocampista', 31, 'Germany', 310000, 72000000),
	(532, 'Lucas Vázquez', 'Centrocampista', 30, 'Spain', 170000, 18500000),
	(533, 'Marcelo', 'Difensore', 33, 'Brazil', 135000, 9000000),
	(534, 'Mariano Díaz', 'Attaccante', 27, 'Dominican Republic', 115000, 4300000),
	(535, 'Ferland Mendy', 'Difensore', 26, 'France', 170000, 38000000),
	(536, 'Miguel Gutiérrez', 'Difensore', 20, 'Spain', 7000, 2800000),
	(537, 'Modric', 'Centrocampista', 35, 'Croatia', 190000, 29000000),
	(538, 'Nacho', 'Difensore', 31, 'Spain', 140000, 20000000),
	(539, 'Rodrygo', 'Attaccante', 20, 'Brazil', 115000, 52500000),
	(540, 'Vallejo', 'Difensore', 24, 'Spain', 82000, 7000000),
	(541, 'Valverde', 'Centrocampista', 22, 'Uruguay', 160000, 66000000),
	(542, 'Vinícius Júnior', 'Attaccante', 20, 'Brazil', 120000, 109000000),
	(543, 'Aaronson', 'Centrocampista', 20, 'United States', 13000, 8500000),
	(544, 'Adamu', 'Attaccante', 20, 'Austria', 8000, 3200000),
	(545, 'Adeyemi', 'Attaccante', 19, 'Germany', 13000, 13500000),
	(546, 'Bernardo', 'Difensore', 26, 'Brazil', 20000, 2000000),
	(547, 'Mohamed Camara', 'Centrocampista', 21, 'Mali', 16000, 22500000),
	(548, 'Capaldo', 'Centrocampista', 22, 'Argentina', 15000, 5000000),
	(549, 'Guindo', 'Difensore', 18, 'Mali', 2000, 1600000),
	(550, 'Kjærgaard', 'Centrocampista', 18, 'Denmark', 2000, 2600000),
	(551, 'Köhn', 'Portiere', 23, 'Switzerland', 8000, 2000000),
	(552, 'Kristensen', 'Difensore', 23, 'Denmark', 21000, 15000000),
	(553, 'Okafor', 'Centrocampista', 21, 'Switzerland', 14000, 12500000),
	(554, 'Onguéné', 'Difensore', 23, 'Cameroon', 13000, 3400000),
	(555, 'Piatkowski', 'Difensore', 21, 'Poland', 11000, 3900000),
	(556, 'Seiwald', 'Centrocampista', 20, 'Austria', 11000, 12500000),
	(557, 'Šeško', 'Attaccante', 18, 'Slovenia', 5000, 5500000),
	(558, 'Šimic', 'Attaccante', 17, 'Croatia', 2000, 1200000),
	(559, 'Solet', 'Difensore', 21, 'France', 11000, 9000000),
	(560, 'Sucic', 'Centrocampista', 18, 'Croatia', 5000, 6500000),
	(561, 'Tijani', 'Centrocampista', 19, 'Nigeria', 2000, 750000),
	(562, 'Ulmer', 'Difensore', 35, 'Austria', 16000, 925000),
	(563, 'Wöber', 'Difensore', 23, 'Austria', 19000, 7500000),
	(564, 'Acuña', 'Difensore', 29, 'Argentina', 45000, 46500000),
	(565, 'Augustinsson', 'Difensore', 27, 'Sweden', 23000, 9500000),
	(566, 'Bounou', 'Portiere', 30, 'Morocco', 29000, 22500000),
	(567, 'Delaney', 'Centrocampista', 29, 'Denmark', 34000, 21500000),
	(568, 'Diego Carlos', 'Difensore', 28, 'Brazil', 37000, 30500000),
	(569, 'En-Nesyri', 'Attaccante', 24, 'Morocco', 37000, 31500000),
	(570, 'Fernando Reges', 'Centrocampista', 33, 'Brazil', 43000, 12500000),
	(571, 'Gómez', 'Attaccante', 33, 'Argentina', 51000, 20000000),
	(572, 'Iván Romero', 'Attaccante', 20, 'Spain', 3000, 550000),
	(573, 'Jesús Navas', 'Difensore', 35, 'Spain', 30000, 8000000),
	(574, 'Jordán', 'Centrocampista', 26, 'Spain', 33000, 24500000),
	(575, 'Koundé', 'Difensore', 22, 'France', 33000, 57500000),
	(576, 'Lamela', 'Centrocampista', 29, 'Argentina', 30000, 17000000),
	(577, 'Montiel', 'Difensore', 24, 'Argentina', 23000, 20000000),
	(578, 'Munir', 'Attaccante', 25, 'Morocco', 33000, 20500000),
	(579, 'Ocampos', 'Centrocampista', 26, 'Argentina', 46000, 27500000),
	(580, 'Óliver Torres', 'Centrocampista', 26, 'Spain', 27000, 16000000),
	(581, 'Óscar Rodríguez', 'Centrocampista', 23, 'Spain', 21000, 11500000),
	(582, 'Rafa Mir', 'Attaccante', 24, 'Spain', 26000, 26000000),
	(583, 'Rakitic', 'Centrocampista', 33, 'Croatia', 39000, 14000000),
	(584, 'Rekik', 'Difensore', 26, 'Netherlands', 20000, 12000000),
	(585, 'Suso', 'Attaccante', 27, 'Spain', 42000, 17500000),
	(586, 'Alan Patrick', 'Centrocampista', 30, 'Brazil', 800, 2300000),
	(587, 'Bondar', 'Difensore', 22, 'Ukraine', 500, 3300000),
	(588, 'Bondarenko', 'Centrocampista', 20, 'Ukraine', 500, 1800000),
	(589, 'Dentinho', 'Centrocampista', 32, 'Brazil', 750, 1500000),
	(590, 'Dodô', 'Difensore', 22, 'Brazil', 650, 12000000),
	(591, 'Fernando dos Santos Pedro', 'Centrocampista', 22, 'Brazil', 550, 5000000),
	(592, 'Ismaily', 'Difensore', 31, 'Brazil', 1000, 12000000),
	(593, 'Korniienko', 'Difensore', 22, 'Ukraine', 600, 5000000),
	(594, 'Kryvtsov', 'Difensore', 30, 'Ukraine', 850, 3500000),
	(595, 'Marcos Antônio', 'Centrocampista', 21, 'Brazil', 650, 7000000),
	(596, 'Marlon', 'Difensore', 25, 'Brazil', 650, 3700000),
	(597, 'Marlos', 'Centrocampista', 33, 'Ukraine', 2000, 13000000),
	(598, 'Matviyenko', 'Difensore', 25, 'Ukraine', 750, 5500000),
	(599, 'Maycon', 'Centrocampista', 23, 'Brazil', 750, 4800000),
	(600, 'Mudryk', 'Centrocampista', 20, 'Ukraine', 500, 9500000),
	(601, 'Pedrinho', 'Centrocampista', 23, 'Brazil', 900, 9000000),
	(602, 'Pyatov', 'Portiere', 37, 'Ukraine', 500, 825000),
	(603, 'Shevchenko', 'Portiere', 29, 'Ukraine', 500, 1300000),
	(604, 'Solomon', 'Centrocampista', 21, 'Israel', 800, 17000000),
	(605, 'Stepanenko', 'Centrocampista', 31, 'Ukraine', 1000, 9500000),
	(606, 'Sudakov', 'Centrocampista', 18, 'Ukraine', 500, 2400000),
	(607, 'Tetê', 'Attaccante', 21, 'Brazil', 800, 17000000),
	(608, 'Traoré', 'Attaccante', 20, 'Burkina Faso', 650, 9500000),
	(609, 'Trubin', 'Portiere', 19, 'Ukraine', 500, 4400000),
	(610, 'Vitão', 'Difensore', 21, 'Brazil', 500, 2100000),
	(611, 'Addo', 'Centrocampista', 21, 'Ghana', 500, 1600000),
	(612, 'Arboleda', 'Difensore', 26, 'Colombia', 550, 1500000),
	(613, 'Athanasiadis', 'Portiere', 28, 'Greece', 750, 1700000),
	(614, 'Bruno', 'Centrocampista', 27, 'Brazil', 600, 950000),
	(615, 'Castañeda', 'Centrocampista', 27, 'Colombia', 950, 2200000),
	(616, 'Celeadnic', 'Portiere', 29, 'Moldova', 500, 325000),
	(617, 'Cojocari', 'Difensore', 20, 'Moldova', 250, 150000),
	(618, 'Cojocaru', 'Centrocampista', 24, 'Moldova', 250, 150000),
	(619, 'Cristiano', 'Difensore', 28, 'Brazil', 1000, 2800000),
	(620, 'Dulanto', 'Difensore', 26, 'Peru', 550, 1500000),
	(621, 'Fernando Costanza', 'Difensore', 22, 'Brazil', 500, 900000),
	(622, 'Julien', 'Difensore', 22, 'Trinidad and Tobago', 500, 1000000),
	(623, 'Kolovos', 'Centrocampista', 28, 'Greece', 900, 1900000),
	(624, 'Nikolov', 'Centrocampista', 27, 'North Macedonia', 500, 1000000),
	(625, 'Radeljic', 'Difensore', 24, 'Bosnia and Herzegovina', 500, 750000),
	(626, 'S. Thill', 'Centrocampista', 27, 'Luxembourg', 850, 1600000),
	(627, 'Traore', 'Centrocampista', 26, 'Mali', 1000, 2900000),
	(628, 'Yakhshiboev', 'Attaccante', 24, 'Uzbekistan', 500, 1000000),
	(629, 'Yansané', 'Attaccante', 24, 'Guinea', 500, 1800000),
	(630, 'Adán', 'Portiere', 34, 'Spain', 14000, 4400000),
	(631, 'Bruno Tabata', 'Centrocampista', 24, 'Brazil', 12000, 9000000),
	(632, 'Coates', 'Difensore', 30, 'Uruguay', 21000, 21000000),
	(633, 'Daniel Bragança', 'Centrocampista', 22, 'Portugal', 11000, 12500000),
	(634, 'Dário Essugo', 'Centrocampista', 16, 'Portugal', 500, 2000000),
	(635, 'Edwards', 'Attaccante', 22, 'England', 11000, 22000000),
	(636, 'Esteves', 'Difensore', 17, 'Portugal', 500, 3500000),
	(637, 'Feddal', 'Difensore', 31, 'Morocco', 17000, 9500000),
	(638, 'Flávio Nazinho', 'Difensore', 17, 'Portugal', 500, 1900000),
	(639, 'Gonçalo Inácio', 'Difensore', 19, 'Portugal', 7000, 36000000),
	(640, 'João Palhinha', 'Centrocampista', 25, 'Portugal', 18000, 28500000),
	(641, 'João Virginia', 'Portiere', 21, 'Portugal', 9000, 1800000),
	(642, 'Jovane Cabral', 'Attaccante', 23, 'Cape Verde Islands', 15000, 12000000),
	(643, 'Luís Neto', 'Difensore', 33, 'Portugal', 13000, 2400000),
	(644, 'Matheus Nunes', 'Centrocampista', 22, 'Brazil', 12000, 35000000),
	(645, 'Matheus Reis', 'Difensore', 26, 'Brazil', 12000, 20000000),
	(646, 'Nuno Santos', 'Attaccante', 26, 'Portugal', 17000, 16500000),
	(647, 'Paulinho', 'Attaccante', 28, 'Portugal', 19000, 14000000),
	(648, 'Pedro Gonçalves', 'Centrocampista', 23, 'Portugal', 19000, 39000000),
	(649, 'Pedro Porro', 'Difensore', 21, 'Spain', 80000, 38500000),
	(650, 'Ricardo Esgaio', 'Difensore', 28, 'Portugal', 15000, 6500000),
	(651, 'Rodrigo Ribeiro', 'Attaccante', 16, 'Portugal', 650, 2100000),
	(652, 'Rúben Vinagre', 'Difensore', 22, 'Portugal', 49000, 6500000),
	(653, 'Pablo Sarabia', 'Attaccante', 29, 'Spain', 95000, 25000000),
	(654, 'Slimani', 'Attaccante', 33, 'Algeria', 57000, 2700000),
	(655, 'Tiago Tomás', 'Attaccante', 19, 'Portugal', 8000, 11000000),
	(656, 'Ugarte', 'Centrocampista', 20, 'Uruguay', 7000, 23500000),
	(657, 'Albiol', 'Difensore', 35, 'Spain', 30000, 5500000),
	(658, 'Alcácer', 'Attaccante', 27, 'Spain', 45000, 18000000),
	(659, 'Aurier', 'Difensore', 27, 'Côte d\'Ivoire', 86000, 16000000),
	(660, 'Capoue', 'Centrocampista', 32, 'France', 33000, 13000000),
	(661, 'Chukwueze', 'Centrocampista', 22, 'Nigeria', 27000, 27500000),
	(662, 'Coquelin', 'Centrocampista', 30, 'France', 39000, 17500000),
	(663, 'Danjuma', 'Centrocampista', 24, 'Netherlands', 28000, 36500000),
	(664, 'Dia', 'Attaccante', 24, 'Senegal', 30000, 24500000),
	(665, 'Estupiñán', 'Difensore', 23, 'Ecuador', 29000, 23500000),
	(666, 'Foyth', 'Difensore', 23, 'Argentina', 22000, 24500000),
	(667, 'Gerard Moreno', 'Attaccante', 29, 'Spain', 73000, 53000000),
	(668, 'Iborra', 'Centrocampista', 33, 'Spain', 34000, 1900000),
	(669, 'Lo Celso', 'Centrocampista', 25, 'Argentina', 95000, 31500000),
	(670, 'Mandi', 'Difensore', 29, 'Algeria', 37000, 19500000),
	(671, 'Mario Gaspar', 'Difensore', 30, 'Spain', 34000, 10000000),
	(672, 'Moi Gómez', 'Centrocampista', 27, 'Spain', 33000, 15000000),
	(673, 'Moreno', 'Difensore', 28, 'Spain', 28000, 7000000),
	(674, 'Parejo', 'Centrocampista', 32, 'Spain', 64000, 42000000),
	(675, 'Pau Torres', 'Difensore', 24, 'Spain', 43000, 50500000),
	(676, 'Pedraza', 'Centrocampista', 25, 'Spain', 27000, 16000000),
	(677, 'Rubén Peña', 'Difensore', 29, 'Spain', 35000, 12000000),
	(678, 'Yéremi Pino', 'Attaccante', 18, 'Spain', 8000, 38000000),
	(679, 'Dani Raba', 'Centrocampista', 25, 'Spain', 23000, 2800000),
	(680, 'Rulli', 'Portiere', 29, 'Argentina', 31000, 20500000),
	(681, 'Manu Trigueros', 'Centrocampista', 29, 'Spain', 39000, 17000000),
	(682, 'Arnold', 'Centrocampista', 27, 'Germany', 66000, 20500000),
	(683, 'Baku', 'Centrocampista', 23, 'Germany', 59000, 30000000),
	(684, 'Bornauw', 'Difensore', 22, 'Belgium', 40000, 8000000),
	(685, 'Brooks', 'Difensore', 28, 'United States', 56000, 13500000),
	(686, 'Casteels', 'Portiere', 29, 'Belgium', 88000, 31500000),
	(687, 'Felix Nmecha', 'Centrocampista', 20, 'Germany', 7000, 3000000),
	(688, 'Gerhardt', 'Centrocampista', 27, 'Germany', 55000, 7500000),
	(689, 'Ginczek', 'Attaccante', 30, 'Germany', 45000, 3000000),
	(690, 'Guilavogui', 'Centrocampista', 30, 'France', 50000, 3900000),
	(691, 'Lukas Nmecha', 'Attaccante', 22, 'Germany', 43000, 21500000),
	(692, 'Lacroix', 'Difensore', 21, 'France', 42000, 22000000),
	(693, 'Lukebakio', 'Attaccante', 23, 'Belgium', 35000, 6000000),
	(694, 'Mbabu', 'Difensore', 26, 'Switzerland', 59000, 10000000),
	(695, 'Paulo Otávio', 'Difensore', 26, 'Brazil', 47000, 8000000),
	(696, 'Pervan', 'Portiere', 33, 'Austria', 33000, 1400000),
	(697, 'Philipp', 'Attaccante', 27, 'Germany', 59000, 7500000),
	(698, 'Roussillon', 'Difensore', 28, 'France', 52000, 6500000),
	(699, 'Renato Steffen', 'Centrocampista', 29, 'Switzerland', 61000, 14000000),
	(700, 'Vranckx', 'Centrocampista', 18, 'Belgium', 6000, 6500000),
	(701, 'Waldschmidt', 'Attaccante', 25, 'Germany', 57000, 7500000),
	(702, 'Weghorst', 'Attaccante', 28, 'Netherlands', 95000, 17500000),
	(703, 'Aebischer', 'Centrocampista', 24, 'Switzerland', 15000, 7500000),
	(704, 'Bürgy', 'Difensore', 25, 'Switzerland', 3000, 575000),
	(705, 'C. Martins Pereira', 'Centrocampista', 24, 'Luxembourg', 7000, 2000000),
	(706, 'Mohamed Ali Camara', 'Difensore', 23, 'Guinea', 9000, 3900000),
	(707, 'Elia', 'Attaccante', 23, 'Congo DR', 12000, 3600000),
	(708, 'Faivre', 'Portiere', 34, 'Switzerland', 3000, 100000),
	(709, 'Fassnacht', 'Centrocampista', 27, 'Switzerland', 17000, 7500000),
	(710, 'Garcia', 'Difensore', 25, 'Switzerland', 10000, 2700000),
	(711, 'Hefti', 'Difensore', 23, 'Switzerland', 12000, 6000000),
	(712, 'Kanga', 'Attaccante', 23, 'France', 5000, 2400000),
	(713, 'Lauper', 'Centrocampista', 24, 'Switzerland', 9000, 2100000),
	(714, 'Lefort', 'Difensore', 27, 'France', 12000, 2300000),
	(715, 'Lustenberger', 'Difensore', 33, 'Switzerland', 15000, 2700000),
	(716, 'Maceiras', 'Difensore', 25, 'Switzerland', 5000, 1200000),
	(717, 'Maier', 'Centrocampista', 20, 'Switzerland', 2000, 400000),
	(718, 'Mambimbi', 'Attaccante', 20, 'Switzerland', 4000, 1700000),
	(719, 'Moumi Ngamaleu', 'Centrocampista', 26, 'Cameroon', 16000, 4500000),
	(720, 'Rieder', 'Centrocampista', 19, 'Switzerland', 2000, 2200000),
	(721, 'Siebatcheu', 'Attaccante', 25, 'United States', 13000, 5500000),
	(722, 'Sierro', 'Centrocampista', 25, 'Switzerland', 7000, 1800000),
	(723, 'Spielmann', 'Centrocampista', 25, 'Switzerland', 8000, 1800000),
	(724, 'Sulejmani', 'Centrocampista', 32, 'Serbia', 14000, 2400000),
	(725, 'Von Ballmoos', 'Portiere', 26, 'Switzerland', 13000, 8000000),
	(726, 'Zesiger', 'Difensore', 23, 'Switzerland', 8000, 3300000),
	(727, 'Azmoun', 'Attaccante', 26, 'Iran', 53000, 24500000),
	(728, 'Barrios', 'Centrocampista', 27, 'Colombia', 66000, 18000000),
	(729, 'Chistiakov', 'Difensore', 27, 'Russia ', 34000, 3100000),
	(730, 'Claudinho', 'Centrocampista', 24, 'Brazil', 80000, 12000000),
	(731, 'Douglas Santos', 'Difensore', 27, 'Brazil', 60000, 12000000),
	(732, 'Dzyuba', 'Attaccante', 33, 'Russia ', 25000, 6500000),
	(733, 'Erokhin', 'Centrocampista', 31, 'Russia ', 46000, 4300000),
	(734, 'Vyacheslav Karavaev', 'Difensore', 26, 'Russia ', 40000, 6000000),
	(735, 'Kravtsov', 'Centrocampista', 19, 'Russia ', 6000, 800000),
	(736, 'Kritsyuk', 'Portiere', 30, 'Russia ', 10000, 5500000),
	(737, 'Krugovoi', 'Difensore', 23, 'Russia ', 19000, 3000000),
	(738, 'Kuznetsov', 'Attaccante', 18, 'Russia ', 1000, 300000),
	(739, 'Kuzyaev', 'Centrocampista', 28, 'Russia ', 58000, 9000000),
	(740, 'Lovren', 'Difensore', 32, 'Croatia', 75000, 4500000),
	(741, 'M. Kerzhakov', 'Portiere', 34, 'Russia ', 27000, 600000),
	(742, 'Malcom', 'Attaccante', 24, 'Brazil', 92000, 22000000),
	(743, 'Mostovoy', 'Centrocampista', 23, 'Russia ', 33000, 3000000),
	(744, 'Ozdoev', 'Centrocampista', 28, 'Russia ', 24000, 6500000),
	(745, 'Rakitskyy', 'Difensore', 31, 'Ukraine', 25000, 11500000),
	(746, 'Sutormin', 'Centrocampista', 27, 'Russia ', 32000, 3000000),
	(747, 'Wendel', 'Centrocampista', 23, 'Brazil', 28000, 19000000);

-- Dump della struttura di tabella statisticheucl_2021-2022.squadre
CREATE TABLE IF NOT EXISTS `squadre` (
  `club` varchar(50) NOT NULL DEFAULT '',
  `total_match_played` int(11) NOT NULL,
  PRIMARY KEY (`club`)
) ENGINE=InnoDB DEFAULT CHARSET=latin1 COLLATE=latin1_swedish_ci;

-- Dump dei dati della tabella statisticheucl_2021-2022.squadre: ~32 rows (circa)
INSERT INTO `squadre` (`club`, `total_match_played`) VALUES
	('AC Milan', 6),
	('Ajax', 8),
	('Atalanta', 6),
	('Atlético de Madrid', 10),
	('Besiktas JK', 6),
	('Borussia Dortmund', 6),
	('BSC Young Boys', 6),
	('Chelsea', 10),
	('Club Brugge KV', 6),
	('Dynamo Kyiv', 6),
	('FC Barcelona', 6),
	('FC Bayern München', 10),
	('FC Porto', 6),
	('FC Red Bull Salzburg', 8),
	('FC Sheriff Tiraspol', 6),
	('Inter', 8),
	('Juventus', 8),
	('Liverpool', 13),
	('LOSC Lille', 8),
	('Malmö FF', 6),
	('Manchester City', 12),
	('Manchester United', 8),
	('Paris Saint-Germain', 8),
	('RB Leipzig', 6),
	('Real Madrid CF', 13),
	('Sevilla FC', 6),
	('Shakhtar Donetsk', 6),
	('SL Benfica', 10),
	('Sporting CP', 8),
	('VfL Wolfsburg', 6),
	('Villarreal CF', 12),
	('Zenit St. Petersburg', 6);

-- Dump della struttura di tabella statisticheucl_2021-2022.statistiche
CREATE TABLE IF NOT EXISTS `statistiche` (
  `IDGiocatore` int(11) NOT NULL,
  `club` varchar(50) NOT NULL DEFAULT '',
  `saved` int(11) DEFAULT NULL,
  `conceded` int(11) DEFAULT NULL,
  `cleansheets` int(11) DEFAULT NULL,
  `balls_recoverd` int(11) DEFAULT NULL,
  `tackles` int(11) DEFAULT NULL,
  `tackles_won` int(11) DEFAULT NULL,
  `pass_attempted` int(11) DEFAULT NULL,
  `pass_completed` int(11) DEFAULT NULL,
  `assist` int(11) DEFAULT NULL,
  `shot_attempts` int(11) DEFAULT NULL,
  `shot_on_target` int(11) DEFAULT NULL,
  `goals` int(11) DEFAULT NULL,
  `dribbles` int(11) DEFAULT NULL,
  `minutes_played` int(11) DEFAULT NULL,
  `match_played` int(11) DEFAULT NULL,
  KEY `IDGiocatore` (`IDGiocatore`),
  KEY `club` (`club`),
  CONSTRAINT `giocatore` FOREIGN KEY (`IDGiocatore`) REFERENCES `giocatori` (`IDGiocatore`) ON DELETE CASCADE ON UPDATE CASCADE,
  CONSTRAINT `squadra` FOREIGN KEY (`club`) REFERENCES `squadre` (`club`) ON DELETE CASCADE ON UPDATE CASCADE
) ENGINE=InnoDB DEFAULT CHARSET=latin1 COLLATE=latin1_swedish_ci;

-- Dump dei dati della tabella statisticheucl_2021-2022.statistiche: ~747 rows (circa)
INSERT INTO `statistiche` (`IDGiocatore`, `club`, `saved`, `conceded`, `cleansheets`, `balls_recoverd`, `tackles`, `tackles_won`, `pass_attempted`, `pass_completed`, `assist`, `shot_attempts`, `shot_on_target`, `goals`, `dribbles`, `minutes_played`, `match_played`) VALUES
	(14, 'Ajax', 2, 2, 0, NULL, NULL, NULL, NULL, NULL, 0, NULL, NULL, 0, NULL, 180, 2),
	(15, 'Ajax', 13, 6, 2, NULL, NULL, NULL, NULL, NULL, 0, NULL, NULL, 0, NULL, 540, 6),
	(34, 'Atalanta', 21, 13, 1, NULL, NULL, NULL, NULL, NULL, 0, NULL, NULL, 0, NULL, 540, 6),
	(58, 'Atlético de Madrid', 26, 10, 3, NULL, NULL, NULL, NULL, NULL, 0, NULL, NULL, 0, NULL, 900, 10),
	(85, 'FC Barcelona', 16, 9, 3, NULL, NULL, NULL, NULL, NULL, 0, NULL, NULL, 0, NULL, 540, 6),
	(97, 'FC Bayern München', 14, 6, 4, NULL, NULL, NULL, NULL, NULL, 1, NULL, NULL, 0, NULL, 810, 9),
	(108, 'FC Bayern München', 4, 1, 0, NULL, NULL, NULL, NULL, NULL, 0, NULL, NULL, 0, NULL, 90, 1),
	(114, 'Besiktas JK', 20, 17, 0, NULL, NULL, NULL, NULL, NULL, 0, NULL, NULL, 0, NULL, 450, 5),
	(117, 'Besiktas JK', 4, 2, 0, NULL, NULL, NULL, NULL, NULL, 0, NULL, NULL, 0, NULL, 90, 1),
	(157, 'SL Benfica', 38, 17, 5, NULL, NULL, NULL, NULL, NULL, 0, NULL, NULL, 0, NULL, 900, 10),
	(171, 'Chelsea', 4, 3, 0, NULL, NULL, NULL, NULL, NULL, 0, NULL, NULL, 0, NULL, 90, 1),
	(175, 'Chelsea', 9, 7, 5, NULL, NULL, NULL, NULL, NULL, 0, NULL, NULL, 0, NULL, 840, 9),
	(194, 'Club Brugge KV', 28, 20, 0, NULL, NULL, NULL, NULL, NULL, 0, NULL, NULL, 0, NULL, 540, 6),
	(214, 'Borussia Dortmund', 14, 11, 2, NULL, NULL, NULL, NULL, NULL, 0, NULL, NULL, 0, NULL, 540, 6),
	(229, 'Dynamo Kyiv', 4, 0, 1, NULL, NULL, NULL, NULL, NULL, 0, NULL, NULL, 0, NULL, 90, 1),
	(230, 'Dynamo Kyiv', 13, 11, 0, NULL, NULL, NULL, NULL, NULL, 0, NULL, NULL, 0, NULL, 450, 5),
	(264, 'Inter', 12, 7, 3, NULL, NULL, NULL, NULL, NULL, 0, NULL, NULL, 0, NULL, 720, 8),
	(294, 'Juventus', 2, 0, 1, NULL, NULL, NULL, NULL, NULL, 0, NULL, NULL, 0, NULL, 90, 1),
	(298, 'Juventus', 14, 10, 3, NULL, NULL, NULL, NULL, NULL, 0, NULL, NULL, 0, NULL, 630, 7),
	(307, 'RB Leipzig', 11, 14, 0, NULL, NULL, NULL, NULL, NULL, 0, NULL, NULL, 0, NULL, 450, 5),
	(314, 'RB Leipzig', 3, 0, 1, NULL, NULL, NULL, NULL, NULL, 0, NULL, NULL, 0, NULL, 90, 1),
	(325, 'Liverpool', 15, 14, 4, NULL, NULL, NULL, NULL, NULL, 0, NULL, NULL, 0, NULL, 1170, 13),
	(361, 'LOSC Lille', 13, 4, 3, NULL, NULL, NULL, NULL, NULL, 0, NULL, NULL, 0, NULL, 540, 6),
	(364, 'LOSC Lille', 4, 4, 0, NULL, NULL, NULL, NULL, NULL, 0, NULL, NULL, 0, NULL, 180, 2),
	(382, 'Malmö FF', 19, 8, 0, NULL, NULL, NULL, NULL, NULL, 0, NULL, NULL, 0, NULL, 315, 4),
	(383, 'Malmö FF', 13, 6, 0, NULL, NULL, NULL, NULL, NULL, 0, NULL, NULL, 0, NULL, 225, 3),
	(398, 'Manchester City', 1, 0, 1, NULL, NULL, NULL, NULL, NULL, 0, NULL, NULL, 0, NULL, 17, 1),
	(401, 'Manchester City', 14, 14, 4, NULL, NULL, NULL, NULL, NULL, 0, NULL, NULL, 0, NULL, 1003, 11),
	(417, 'Manchester City', 3, 2, 0, NULL, NULL, NULL, NULL, NULL, 0, NULL, NULL, 0, NULL, 90, 1),
	(427, 'Manchester United', 19, 9, 1, NULL, NULL, NULL, NULL, NULL, 0, NULL, NULL, 0, NULL, 630, 7),
	(433, 'Manchester United', 3, 1, 0, NULL, NULL, NULL, NULL, NULL, 0, NULL, NULL, 0, NULL, 68, 1),
	(465, 'AC Milan', 14, 7, 0, NULL, NULL, NULL, NULL, NULL, 0, NULL, NULL, 0, NULL, 270, 3),
	(473, 'AC Milan', 8, 2, 1, NULL, NULL, NULL, NULL, NULL, 0, NULL, NULL, 0, NULL, 270, 3),
	(480, 'Paris Saint-Germain', 18, 6, 2, NULL, NULL, NULL, NULL, NULL, 0, NULL, NULL, 0, NULL, 450, 5),
	(491, 'Paris Saint-Germain', 11, 5, 0, NULL, NULL, NULL, NULL, NULL, 0, NULL, NULL, 0, NULL, 270, 3),
	(499, 'FC Porto', 18, 11, 2, NULL, NULL, NULL, NULL, NULL, 0, NULL, NULL, 0, NULL, 540, 6),
	(527, 'Real Madrid CF', 61, 14, 5, NULL, NULL, NULL, NULL, NULL, 0, NULL, NULL, 0, NULL, 1230, 13),
	(551, 'FC Red Bull Salzburg', 16, 14, 1, NULL, NULL, NULL, NULL, NULL, 0, NULL, NULL, 0, NULL, 720, 8),
	(566, 'Sevilla FC', 14, 5, 2, NULL, NULL, NULL, NULL, NULL, 0, NULL, NULL, 0, NULL, 540, 6),
	(602, 'Shakhtar Donetsk', 5, 2, 2, NULL, NULL, NULL, NULL, NULL, 0, NULL, NULL, 0, NULL, 266, 3),
	(603, 'Shakhtar Donetsk', 1, 1, 0, NULL, NULL, NULL, NULL, NULL, 0, NULL, NULL, 0, NULL, 4, 1),
	(609, 'Shakhtar Donetsk', 18, 9, 0, NULL, NULL, NULL, NULL, NULL, 0, NULL, NULL, 0, NULL, 270, 3),
	(613, 'FC Sheriff Tiraspol', 29, 8, 1, NULL, NULL, NULL, NULL, NULL, 0, NULL, NULL, 0, NULL, 450, 5),
	(616, 'FC Sheriff Tiraspol', 6, 3, 0, NULL, NULL, NULL, NULL, NULL, 0, NULL, NULL, 0, NULL, 90, 1),
	(630, 'Sporting CP', 17, 13, 2, NULL, NULL, NULL, NULL, NULL, 0, NULL, NULL, 0, NULL, 630, 7),
	(641, 'Sporting CP', 3, 4, 0, NULL, NULL, NULL, NULL, NULL, 0, NULL, NULL, 0, NULL, 90, 1),
	(680, 'Villarreal CF', 41, 16, 3, NULL, NULL, NULL, NULL, NULL, 0, NULL, NULL, 0, NULL, 1080, 12),
	(686, 'VfL Wolfsburg', 18, 8, 1, NULL, NULL, NULL, NULL, NULL, 0, NULL, NULL, 0, NULL, 450, 5),
	(696, 'VfL Wolfsburg', 5, 2, 0, NULL, NULL, NULL, NULL, NULL, 0, NULL, NULL, 0, NULL, 90, 1),
	(708, 'BSC Young Boys', 12, 6, 0, NULL, NULL, NULL, NULL, NULL, 0, NULL, NULL, 0, NULL, 270, 3),
	(725, 'BSC Young Boys', 9, 6, 0, NULL, NULL, NULL, NULL, NULL, 0, NULL, NULL, 0, NULL, 270, 3),
	(736, 'Zenit St. Petersburg', 12, 6, 1, NULL, NULL, NULL, NULL, NULL, 0, NULL, NULL, 0, NULL, 360, 4),
	(741, 'Zenit St. Petersburg', 5, 4, 0, NULL, NULL, NULL, NULL, NULL, 0, NULL, NULL, 0, NULL, 180, 2),
	(1, 'Ajax', NULL, NULL, NULL, 29, 19, 10, 363, 340, 0, 7, 2, 0, NULL, 558, 7),
	(2, 'Ajax', NULL, NULL, NULL, 25, 7, 3, 322, 262, 5, 26, 10, 2, 28, 577, 7),
	(3, 'Ajax', NULL, NULL, NULL, 14, 6, 2, 277, 229, 1, 16, 5, 3, 3, 628, 8),
	(4, 'Ajax', NULL, NULL, NULL, 32, 11, 4, 439, 368, 1, 4, 2, 1, 8, 572, 8),
	(5, 'Ajax', NULL, NULL, NULL, 1, 0, 0, NULL, NULL, 0, 4, 1, 0, NULL, 52, 2),
	(6, 'Ajax', NULL, NULL, NULL, 30, 4, 3, 386, 342, 1, 9, 5, 0, 18, 703, 8),
	(7, 'Ajax', NULL, NULL, NULL, 10, 8, 2, 162, 134, 1, 24, 15, 11, 9, 668, 8),
	(8, 'Ajax', NULL, NULL, NULL, 35, 6, 2, 497, 474, 0, 2, 0, 0, NULL, 570, 8),
	(9, 'Ajax', NULL, NULL, NULL, 10, 3, 1, 108, 94, 1, 1, 1, 1, 0, 232, 7),
	(10, 'Ajax', NULL, NULL, NULL, 1, 0, 0, NULL, NULL, 0, 1, 0, 0, NULL, 24, 2),
	(11, 'Ajax', NULL, NULL, NULL, 53, 10, 2, 674, 633, 1, 6, 2, 0, 3, 720, 8),
	(12, 'Ajax', NULL, NULL, NULL, 40, 16, 10, 385, 338, 2, 9, 3, 0, 13, 661, 8),
	(13, 'Ajax', NULL, NULL, NULL, 3, 0, 0, 104, 91, 0, 6, 3, 1, NULL, 203, 5),
	(16, 'Ajax', NULL, NULL, NULL, 8, 5, 2, NULL, NULL, 0, NULL, NULL, 0, NULL, 71, 5),
	(17, 'Ajax', NULL, NULL, NULL, 13, 5, 2, 111, 99, 1, 2, 0, 0, 0, 146, 3),
	(18, 'Ajax', NULL, NULL, NULL, 12, 2, 0, 303, 231, 2, 12, 3, 2, 13, 630, 7),
	(19, 'Ajax', NULL, NULL, NULL, 10, 4, 3, 69, 57, 1, 1, 0, 0, 1, 139, 3),
	(20, 'Ajax', NULL, NULL, NULL, 1, 1, 0, NULL, NULL, 0, NULL, NULL, 0, NULL, 38, 3),
	(21, 'Atalanta', NULL, NULL, NULL, 2, 1, 1, NULL, NULL, 1, NULL, NULL, 0, 2, 33, 2),
	(22, 'Atalanta', NULL, NULL, NULL, 34, 4, 0, 298, 245, 0, 2, 0, 0, NULL, 484, 6),
	(23, 'Atalanta', NULL, NULL, NULL, 31, 3, 1, 176, 162, 0, 2, 2, 1, NULL, 370, 6),
	(24, 'Atalanta', NULL, NULL, NULL, 31, 5, 4, 191, 160, 0, NULL, NULL, 0, NULL, 260, 5),
	(25, 'Atalanta', NULL, NULL, NULL, 30, 10, 6, 360, 307, 1, 2, 2, 1, 6, 526, 6),
	(26, 'Atalanta', NULL, NULL, NULL, 5, 2, 1, 56, 43, 0, 3, 2, 1, NULL, 101, 2),
	(27, 'Atalanta', NULL, NULL, NULL, 1, 2, 0, 33, 29, 0, NULL, NULL, 0, NULL, 90, 1),
	(28, 'Atalanta', NULL, NULL, NULL, 2, 4, 1, 130, 101, 1, 3, 1, 1, 13, 249, 4),
	(29, 'Atalanta', NULL, NULL, NULL, 7, 4, 1, 135, 106, 1, 4, 0, 0, 1, 210, 5),
	(30, 'Atalanta', NULL, NULL, NULL, 5, 0, 0, NULL, NULL, 0, NULL, NULL, 0, NULL, 45, 1),
	(31, 'Atalanta', NULL, NULL, NULL, 21, 4, 3, 217, 184, 1, 3, 0, 0, 11, 435, 5),
	(32, 'Atalanta', NULL, NULL, NULL, 4, 6, 2, 143, 114, 0, 11, 4, 1, NULL, 301, 5),
	(33, 'Atalanta', NULL, NULL, NULL, NULL, NULL, NULL, 59, 48, 0, 8, 4, 1, NULL, 130, 5),
	(35, 'Atalanta', NULL, NULL, NULL, 41, 6, 3, 245, 207, 1, 3, 1, 1, 0, 450, 5),
	(36, 'Atalanta', NULL, NULL, NULL, 7, 1, 1, 71, 57, 1, 3, 1, 1, 2, 220, 5),
	(37, 'Atalanta', NULL, NULL, NULL, 11, 1, 1, 100, 78, 0, 2, 2, 1, NULL, 211, 4),
	(38, 'Atalanta', NULL, NULL, NULL, 2, 0, 0, NULL, NULL, 0, 2, 1, 0, NULL, 56, 3),
	(39, 'Atalanta', NULL, NULL, NULL, 34, 6, 5, 231, 189, 0, 4, 1, 0, NULL, 360, 4),
	(40, 'Atalanta', NULL, NULL, NULL, 2, 2, 1, 130, 92, 3, 22, 8, 3, 10, 464, 6),
	(41, 'Atalanta', NULL, NULL, NULL, 10, 4, 0, 188, 162, 1, 7, 1, 0, 12, 405, 6),
	(42, 'Atlético de Madrid', NULL, NULL, NULL, 8, 1, 0, 148, 117, 0, 6, 2, 0, NULL, 472, 7),
	(43, 'Atlético de Madrid', NULL, NULL, NULL, 12, 5, 3, 139, 107, 0, 9, 3, 1, NULL, 401, 10),
	(44, 'Atlético de Madrid', NULL, NULL, NULL, 25, 6, 1, 293, 228, 0, 13, 4, 1, NULL, 577, 9),
	(45, 'Atlético de Madrid', NULL, NULL, NULL, 34, 3, 1, 195, 168, 0, 1, 0, 0, NULL, 472, 7),
	(46, 'Atlético de Madrid', NULL, NULL, NULL, 35, 4, 2, 211, 175, 0, 5, 0, 0, NULL, 585, 7),
	(47, 'Atlético de Madrid', NULL, NULL, NULL, 20, 14, 6, 191, 151, 2, 12, 5, 4, 8, 518, 9),
	(48, 'Atlético de Madrid', NULL, NULL, NULL, 28, 2, 1, 165, 127, 0, 2, 0, 0, NULL, 425, 6),
	(49, 'Atlético de Madrid', NULL, NULL, NULL, 20, 4, 1, 121, 102, 0, 1, 0, 0, NULL, 226, 4),
	(50, 'Atlético de Madrid', NULL, NULL, NULL, NULL, NULL, NULL, NULL, NULL, 0, NULL, NULL, 0, NULL, 15, 1),
	(51, 'Atlético de Madrid', NULL, NULL, NULL, 5, 6, 1, 160, 131, 1, 12, 3, 1, 21, 573, 8),
	(52, 'Atlético de Madrid', NULL, NULL, NULL, 30, 11, 8, 308, 252, 1, 3, 0, 0, 2, 665, 9),
	(53, 'Atlético de Madrid', NULL, NULL, NULL, 40, 15, 6, 242, 209, 0, 6, 1, 0, NULL, 578, 9),
	(54, 'Atlético de Madrid', NULL, NULL, NULL, 14, 4, 3, 171, 133, 1, 4, 3, 0, 7, 377, 8),
	(55, 'Atlético de Madrid', NULL, NULL, NULL, 1, 0, 0, 84, 57, 0, 8, 2, 1, NULL, 347, 7),
	(56, 'Atlético de Madrid', NULL, NULL, NULL, 37, 6, 0, 249, 212, 0, 2, 1, 0, NULL, 700, 9),
	(57, 'Atlético de Madrid', NULL, NULL, NULL, 2, 2, 0, 19, 17, 0, 4, 0, 0, NULL, 142, 5),
	(59, 'Atlético de Madrid', NULL, NULL, NULL, 23, 21, 6, 164, 128, 2, 4, 2, 1, 9, 478, 10),
	(60, 'Atlético de Madrid', NULL, NULL, NULL, 34, 6, 5, 191, 158, 0, 2, 0, 0, NULL, 450, 5),
	(61, 'Atlético de Madrid', NULL, NULL, NULL, 7, 3, 3, 95, 70, 0, NULL, NULL, 0, NULL, 220, 3),
	(62, 'Atlético de Madrid', NULL, NULL, NULL, 23, 6, 3, 80, 55, 0, 2, 1, 0, NULL, 304, 5),
	(63, 'FC Barcelona', NULL, NULL, NULL, NULL, NULL, NULL, NULL, NULL, 0, 1, 0, 0, NULL, 15, 1),
	(64, 'FC Barcelona', NULL, NULL, NULL, NULL, NULL, NULL, NULL, NULL, 0, 1, 0, 0, NULL, 19, 2),
	(65, 'FC Barcelona', NULL, NULL, NULL, 1, 0, 0, 66, 52, 0, 4, 1, 0, NULL, 109, 4),
	(66, 'FC Barcelona', NULL, NULL, NULL, 2, 1, 0, 57, 41, 0, 4, 1, 0, NULL, 122, 3),
	(67, 'FC Barcelona', NULL, NULL, NULL, 1, 0, 0, 47, 39, 0, 2, 1, 0, NULL, 101, 3),
	(68, 'FC Barcelona', NULL, NULL, NULL, 2, 4, 2, 254, 203, 0, 6, 0, 0, NULL, 525, 6),
	(69, 'FC Barcelona', NULL, NULL, NULL, 11, 3, 3, 109, 95, 0, 3, 1, 0, NULL, 230, 4),
	(70, 'FC Barcelona', NULL, NULL, NULL, 14, 3, 1, 203, 197, 0, 2, 0, 0, NULL, 247, 4),
	(71, 'FC Barcelona', NULL, NULL, NULL, 25, 10, 3, 346, 312, 0, 3, 1, 0, NULL, 523, 6),
	(72, 'FC Barcelona', NULL, NULL, NULL, 2, 1, 1, 74, 64, 0, 4, 1, 1, NULL, 154, 3),
	(73, 'FC Barcelona', NULL, NULL, NULL, 20, 9, 4, 164, 153, 0, 4, 0, 0, NULL, 398, 6),
	(74, 'FC Barcelona', NULL, NULL, NULL, 22, 4, 1, 301, 251, 1, 3, 2, 0, 0, 375, 5),
	(75, 'FC Barcelona', NULL, NULL, NULL, 1, 0, 0, 35, 29, 0, 6, 1, 0, NULL, 179, 3),
	(76, 'FC Barcelona', NULL, NULL, NULL, 17, 6, 2, 304, 274, 0, 4, 1, 0, NULL, 345, 4),
	(77, 'FC Barcelona', NULL, NULL, NULL, 11, 2, 1, 140, 119, 0, NULL, NULL, 0, NULL, 219, 5),
	(78, 'FC Barcelona', NULL, NULL, NULL, 12, 6, 3, 143, 129, 0, 3, 0, 0, NULL, 247, 4),
	(79, 'FC Barcelona', NULL, NULL, NULL, 8, 2, 0, 103, 90, 0, 1, 0, 0, NULL, 158, 2),
	(80, 'FC Barcelona', NULL, NULL, NULL, 33, 8, 1, 288, 269, 0, 2, 1, 1, NULL, 393, 5),
	(81, 'FC Barcelona', NULL, NULL, NULL, 1, 1, 0, NULL, NULL, 0, NULL, NULL, 0, NULL, 17, 1),
	(82, 'FC Barcelona', NULL, NULL, NULL, 19, 8, 6, 192, 167, 0, 3, 0, 0, NULL, 367, 5),
	(83, 'FC Barcelona', NULL, NULL, NULL, 4, 2, 1, 77, 62, 0, 2, 0, 0, NULL, 169, 3),
	(84, 'FC Barcelona', NULL, NULL, NULL, 29, 19, 9, 382, 340, 0, 2, 0, 0, NULL, 487, 6),
	(86, 'FC Bayern München', NULL, NULL, NULL, NULL, NULL, NULL, NULL, NULL, 0, 3, 1, 1, NULL, 49, 4),
	(87, 'FC Bayern München', NULL, NULL, NULL, 14, 2, 0, 329, 271, 3, 20, 6, 2, 59, 632, 9),
	(88, 'FC Bayern München', NULL, NULL, NULL, 24, 4, 2, 278, 236, 2, 7, 2, 0, 18, 477, 7),
	(89, 'FC Bayern München', NULL, NULL, NULL, 14, 2, 1, 231, 194, 2, 18, 8, 3, 12, 391, 8),
	(90, 'FC Bayern München', NULL, NULL, NULL, 35, 8, 5, 338, 307, 0, 16, 3, 0, NULL, 466, 6),
	(91, 'FC Bayern München', NULL, NULL, NULL, 41, 15, 6, 688, 616, 0, 8, 2, 0, NULL, 702, 8),
	(92, 'FC Bayern München', NULL, NULL, NULL, 49, 9, 6, 543, 496, 0, 6, 1, 0, NULL, 572, 8),
	(93, 'FC Bayern München', NULL, NULL, NULL, 7, 4, 0, 206, 163, 3, 31, 19, 13, 1, 876, 10),
	(94, 'FC Bayern München', NULL, NULL, NULL, 6, 1, 0, NULL, NULL, 0, NULL, NULL, 0, NULL, 78, 4),
	(95, 'FC Bayern München', NULL, NULL, NULL, 18, 8, 3, 366, 283, 3, 14, 8, 4, 2, 778, 10),
	(96, 'FC Bayern München', NULL, NULL, NULL, 17, 2, 1, 168, 141, 1, 10, 3, 1, 20, 448, 8),
	(98, 'FC Bayern München', NULL, NULL, NULL, 16, 4, 2, 199, 192, 0, NULL, NULL, 0, NULL, 212, 4),
	(99, 'FC Bayern München', NULL, NULL, NULL, 55, 12, 7, 676, 613, 1, 10, 2, 0, 0, 764, 10),
	(100, 'FC Bayern München', NULL, NULL, NULL, 9, 8, 2, NULL, NULL, 0, NULL, NULL, 0, NULL, 52, 4),
	(101, 'FC Bayern München', NULL, NULL, NULL, 7, 1, 0, 83, 72, 0, 5, 0, 0, NULL, 133, 5),
	(102, 'FC Bayern München', NULL, NULL, NULL, 23, 1, 0, 398, 346, 6, 33, 13, 6, 32, 798, 10),
	(103, 'FC Bayern München', NULL, NULL, NULL, 3, 1, 1, 72, 62, 0, 2, 0, 0, NULL, 125, 5),
	(104, 'FC Bayern München', NULL, NULL, NULL, NULL, NULL, NULL, NULL, NULL, 1, NULL, NULL, 0, 0, 21, 2),
	(105, 'FC Bayern München', NULL, NULL, NULL, 40, 3, 1, 429, 413, 0, 3, 0, 0, NULL, 515, 7),
	(106, 'FC Bayern München', NULL, NULL, NULL, NULL, NULL, NULL, NULL, NULL, 0, NULL, NULL, 0, NULL, 18, 2),
	(107, 'FC Bayern München', NULL, NULL, NULL, 15, 3, 2, 197, 178, 1, 4, 2, 0, 0, 234, 4),
	(109, 'FC Bayern München', NULL, NULL, NULL, 46, 4, 1, 562, 519, 0, 2, 0, 0, NULL, 660, 8),
	(110, 'Besiktas JK', NULL, NULL, NULL, 7, 2, 2, 50, 44, 0, 1, 0, 0, NULL, 184, 3),
	(111, 'Besiktas JK', NULL, NULL, NULL, 4, 2, 0, 88, 66, 0, 10, 2, 0, NULL, 383, 5),
	(112, 'Besiktas JK', NULL, NULL, NULL, NULL, NULL, NULL, NULL, NULL, 0, NULL, NULL, 0, NULL, 17, 1),
	(113, 'Besiktas JK', NULL, NULL, NULL, 4, 1, 1, 52, 39, 0, 2, 0, 0, NULL, 219, 4),
	(115, 'Besiktas JK', NULL, NULL, NULL, 8, 7, 1, 161, 113, 0, 8, 2, 1, NULL, 345, 5),
	(116, 'Besiktas JK', NULL, NULL, NULL, 3, 0, 0, NULL, NULL, 0, NULL, NULL, 0, NULL, 75, 4),
	(118, 'Besiktas JK', NULL, NULL, NULL, 5, 1, 1, 90, 77, 0, 4, 2, 0, NULL, 156, 4),
	(119, 'Besiktas JK', NULL, NULL, NULL, 7, 2, 2, 74, 56, 0, 2, 0, 0, NULL, 264, 5),
	(120, 'Besiktas JK', NULL, NULL, NULL, 7, 7, 2, 100, 78, 0, 8, 5, 1, NULL, 354, 5),
	(121, 'Besiktas JK', NULL, NULL, NULL, 14, 1, 1, 81, 70, 0, 3, 0, 0, NULL, 261, 3),
	(122, 'Besiktas JK', NULL, NULL, NULL, 12, 1, 0, 88, 71, 0, NULL, NULL, 0, NULL, 253, 3),
	(123, 'Besiktas JK', NULL, NULL, NULL, 27, 12, 6, 168, 147, 0, 1, 1, 1, NULL, 306, 4),
	(124, 'Besiktas JK', NULL, NULL, NULL, 5, 4, 2, 55, 37, 0, NULL, NULL, 0, NULL, 189, 3),
	(125, 'Besiktas JK', NULL, NULL, NULL, 2, 1, 1, 41, 34, 0, 1, 0, 0, NULL, 90, 1),
	(126, 'Besiktas JK', NULL, NULL, NULL, 14, 7, 3, 161, 134, 0, 1, 0, 0, NULL, 270, 3),
	(127, 'Besiktas JK', NULL, NULL, NULL, 1, 1, 0, NULL, NULL, 0, NULL, NULL, 0, NULL, 52, 2),
	(128, 'Besiktas JK', NULL, NULL, NULL, 16, 2, 1, 216, 182, 2, 3, 0, 0, 4, 261, 3),
	(129, 'Besiktas JK', NULL, NULL, NULL, 10, 0, 0, 57, 44, 0, NULL, NULL, 0, NULL, 135, 2),
	(130, 'Besiktas JK', NULL, NULL, NULL, 23, 7, 3, 177, 150, 0, 1, 0, 0, NULL, 405, 5),
	(131, 'Besiktas JK', NULL, NULL, NULL, 11, 4, 2, 57, 50, 0, NULL, NULL, 0, NULL, 109, 5),
	(132, 'Besiktas JK', NULL, NULL, NULL, 9, 0, 0, 22, 18, 0, 1, 0, 0, NULL, 90, 1),
	(133, 'Besiktas JK', NULL, NULL, NULL, 40, 20, 12, 267, 237, 0, 3, 0, 0, NULL, 442, 5),
	(134, 'Besiktas JK', NULL, NULL, NULL, 16, 1, 1, 99, 90, 0, NULL, NULL, 0, NULL, 180, 2),
	(135, 'Besiktas JK', NULL, NULL, NULL, 31, 13, 4, 183, 158, 0, NULL, NULL, 0, NULL, 313, 4),
	(136, 'SL Benfica', NULL, NULL, NULL, 15, 6, 2, 103, 82, 0, NULL, NULL, 0, NULL, 236, 5),
	(137, 'SL Benfica', NULL, NULL, NULL, 6, 2, 1, 42, 35, 0, 2, 1, 0, NULL, 131, 5),
	(138, 'SL Benfica', NULL, NULL, NULL, 13, 7, 5, 115, 87, 0, 9, 4, 0, NULL, 543, 9),
	(139, 'SL Benfica', NULL, NULL, NULL, NULL, NULL, NULL, NULL, NULL, 0, NULL, NULL, 0, NULL, 1, 1),
	(140, 'SL Benfica', NULL, NULL, NULL, 48, 17, 8, 291, 232, 0, 3, 1, 1, NULL, 715, 9),
	(141, 'SL Benfica', NULL, NULL, NULL, 14, 0, 0, 101, 76, 1, 10, 2, 1, 4, 369, 7),
	(142, 'SL Benfica', NULL, NULL, NULL, 34, 15, 6, 319, 257, 3, 3, 1, 0, 10, 863, 10),
	(143, 'SL Benfica', NULL, NULL, NULL, 18, 6, 2, 268, 242, 4, 1, 1, 0, 7, 493, 8),
	(144, 'SL Benfica', NULL, NULL, NULL, 4, 2, 1, 47, 38, 0, NULL, NULL, 0, NULL, 114, 6),
	(145, 'SL Benfica', NULL, NULL, NULL, 9, 0, 0, 41, 35, 0, 1, 0, 0, NULL, 155, 3),
	(146, 'SL Benfica', NULL, NULL, NULL, 10, 2, 1, 134, 121, 0, 1, 1, 1, NULL, 180, 2),
	(147, 'SL Benfica', NULL, NULL, NULL, 10, 4, 2, 117, 67, 0, 15, 8, 6, NULL, 613, 10),
	(148, 'SL Benfica', NULL, NULL, NULL, 63, 28, 17, 380, 328, 0, 4, 1, 0, NULL, 810, 9),
	(149, 'SL Benfica', NULL, NULL, NULL, 1, 0, 0, NULL, NULL, 0, NULL, NULL, 0, NULL, 39, 5),
	(150, 'SL Benfica', NULL, NULL, NULL, NULL, NULL, NULL, 61, 43, 0, 3, 1, 0, NULL, 157, 6),
	(151, 'SL Benfica', NULL, NULL, NULL, NULL, NULL, NULL, NULL, NULL, 0, 1, 0, 0, NULL, 31, 1),
	(152, 'SL Benfica', NULL, NULL, NULL, 21, 12, 6, 187, 145, 1, 9, 1, 1, 27, 704, 9),
	(153, 'SL Benfica', NULL, NULL, NULL, NULL, NULL, NULL, NULL, NULL, 0, 3, 1, 0, NULL, 9, 1),
	(154, 'SL Benfica', NULL, NULL, NULL, 13, 4, 1, 149, 127, 0, NULL, NULL, 0, NULL, 343, 9),
	(155, 'SL Benfica', NULL, NULL, NULL, 23, 2, 1, 111, 93, 0, 2, 0, 0, NULL, 270, 3),
	(156, 'SL Benfica', NULL, NULL, NULL, 51, 9, 6, 424, 360, 1, 7, 2, 0, 3, 900, 10),
	(158, 'SL Benfica', NULL, NULL, NULL, 35, 23, 12, 351, 316, 0, 2, 1, 0, NULL, 810, 9),
	(159, 'SL Benfica', NULL, NULL, NULL, 2, 5, 2, 103, 71, 0, 15, 9, 3, NULL, 514, 10),
	(160, 'Chelsea', NULL, NULL, NULL, 17, 3, 1, 300, 258, 0, 12, 4, 0, NULL, 548, 8),
	(161, 'Chelsea', NULL, NULL, NULL, 26, 6, 3, 491, 434, 1, 3, 3, 1, 3, 679, 9),
	(162, 'Chelsea', NULL, NULL, NULL, 3, 0, 0, 69, 61, 0, 3, 1, 0, NULL, 96, 3),
	(163, 'Chelsea', NULL, NULL, NULL, 7, 1, 0, 106, 92, 0, 3, 1, 1, NULL, 175, 3),
	(164, 'Chelsea', NULL, NULL, NULL, 5, 1, 0, 87, 71, 0, 8, 1, 0, NULL, 188, 4),
	(165, 'Chelsea', NULL, NULL, NULL, 41, 10, 6, 552, 517, 1, 3, 2, 1, 1, 603, 8),
	(166, 'Chelsea', NULL, NULL, NULL, 7, 3, 0, 248, 210, 0, 26, 11, 3, NULL, 672, 9),
	(167, 'Chelsea', NULL, NULL, NULL, 7, 2, 0, 149, 134, 2, 7, 3, 1, 15, 289, 5),
	(168, 'Chelsea', NULL, NULL, NULL, 27, 2, 1, 359, 324, 0, 12, 5, 1, NULL, 505, 6),
	(169, 'Chelsea', NULL, NULL, NULL, 38, 7, 5, 519, 477, 2, 4, 2, 2, 1, 561, 8),
	(170, 'Chelsea', NULL, NULL, NULL, 29, 9, 3, 274, 245, 1, 3, 0, 0, 4, 427, 6),
	(172, 'Chelsea', NULL, NULL, NULL, 16, 12, 5, 457, 425, 0, 4, 0, 0, NULL, 426, 6),
	(173, 'Chelsea', NULL, NULL, NULL, 11, 4, 2, 252, 229, 1, 5, 1, 0, 15, 358, 8),
	(174, 'Chelsea', NULL, NULL, NULL, 2, 1, 1, 61, 49, 0, 11, 3, 2, NULL, 320, 6),
	(176, 'Chelsea', NULL, NULL, NULL, 17, 4, 1, 268, 225, 2, 11, 3, 1, 6, 538, 7),
	(177, 'Chelsea', NULL, NULL, NULL, 3, 3, 1, 123, 106, 1, 6, 2, 2, 11, 367, 7),
	(178, 'Chelsea', NULL, NULL, NULL, 46, 9, 5, 750, 681, 0, 11, 1, 1, NULL, 840, 9),
	(179, 'Chelsea', NULL, NULL, NULL, 9, 1, 1, 71, 68, 0, NULL, NULL, 0, NULL, 100, 2),
	(180, 'Chelsea', NULL, NULL, NULL, 8, 4, 4, 92, 79, 0, 5, 2, 0, NULL, 159, 5),
	(181, 'Chelsea', NULL, NULL, NULL, 65, 9, 4, 607, 571, 1, 7, 1, 0, 0, 757, 9),
	(182, 'Chelsea', NULL, NULL, NULL, 8, 0, 0, 71, 58, 2, 10, 5, 4, 10, 246, 5),
	(183, 'Chelsea', NULL, NULL, NULL, 11, 5, 2, 240, 186, 2, 13, 6, 1, 12, 446, 9),
	(184, 'Club Brugge KV', NULL, NULL, NULL, 37, 10, 3, 155, 124, 0, NULL, NULL, 0, NULL, 407, 5),
	(185, 'Club Brugge KV', NULL, NULL, NULL, 22, 8, 4, 200, 144, 0, 2, 1, 0, NULL, 528, 6),
	(186, 'Club Brugge KV', NULL, NULL, NULL, 9, 1, 0, 157, 116, 1, 8, 5, 0, 6, 500, 6),
	(187, 'Club Brugge KV', NULL, NULL, NULL, NULL, NULL, NULL, NULL, NULL, 0, 2, 1, 0, NULL, 68, 3),
	(188, 'Club Brugge KV', NULL, NULL, NULL, 42, 6, 4, 175, 148, 0, 2, 1, 0, NULL, 540, 6),
	(189, 'Club Brugge KV', NULL, NULL, NULL, NULL, NULL, NULL, NULL, NULL, 0, 1, 0, 0, NULL, 8, 1),
	(190, 'Club Brugge KV', NULL, NULL, NULL, 16, 7, 3, 214, 152, 1, 10, 5, 0, 17, 528, 6),
	(191, 'Club Brugge KV', NULL, NULL, NULL, NULL, NULL, NULL, NULL, NULL, 0, NULL, NULL, 0, NULL, 1, 1),
	(192, 'Club Brugge KV', NULL, NULL, NULL, 3, 1, 0, NULL, NULL, 0, NULL, NULL, 0, NULL, 55, 3),
	(193, 'Club Brugge KV', NULL, NULL, NULL, 5, 1, 0, 38, 32, 0, NULL, NULL, 0, NULL, 131, 3),
	(195, 'Club Brugge KV', NULL, NULL, NULL, 41, 7, 2, 184, 162, 0, NULL, NULL, 0, NULL, 484, 6),
	(196, 'Club Brugge KV', NULL, NULL, NULL, 12, 0, 0, 61, 47, 0, 3, 0, 0, NULL, 164, 4),
	(197, 'Club Brugge KV', NULL, NULL, NULL, 14, 5, 3, 129, 101, 0, 8, 4, 2, NULL, 417, 6),
	(198, 'Club Brugge KV', NULL, NULL, NULL, NULL, NULL, NULL, NULL, NULL, 0, 1, 1, 0, NULL, 56, 1),
	(199, 'Club Brugge KV', NULL, NULL, NULL, 14, 4, 3, 96, 74, 1, 2, 0, 0, 4, 331, 4),
	(200, 'Club Brugge KV', NULL, NULL, NULL, 11, 7, 1, 110, 77, 0, 6, 0, 0, NULL, 298, 5),
	(201, 'Club Brugge KV', NULL, NULL, NULL, 11, 5, 3, 58, 40, 0, NULL, NULL, 0, NULL, 162, 5),
	(202, 'Club Brugge KV', NULL, NULL, NULL, 22, 1, 0, 288, 241, 1, 12, 6, 3, 7, 540, 6),
	(203, 'Club Brugge KV', NULL, NULL, NULL, 3, 4, 2, 80, 68, 1, 2, 0, 0, 0, 156, 4),
	(204, 'Club Brugge KV', NULL, NULL, NULL, NULL, NULL, NULL, NULL, NULL, 0, NULL, NULL, 0, NULL, 26, 2),
	(205, 'Borussia Dortmund', NULL, NULL, NULL, 39, 5, 2, 299, 262, 0, 2, 0, 0, NULL, 450, 5),
	(206, 'Borussia Dortmund', NULL, NULL, NULL, 24, 16, 9, 281, 246, 3, 13, 4, 1, 24, 503, 6),
	(207, 'Borussia Dortmund', NULL, NULL, NULL, 23, 1, 0, 240, 198, 0, 4, 0, 0, NULL, 395, 5),
	(208, 'Borussia Dortmund', NULL, NULL, NULL, 11, 1, 0, 141, 117, 2, 6, 1, 0, 3, 212, 4),
	(209, 'Borussia Dortmund', NULL, NULL, NULL, 2, 0, 0, NULL, NULL, 0, NULL, NULL, 0, NULL, 74, 2),
	(210, 'Borussia Dortmund', NULL, NULL, NULL, 8, 1, 0, 129, 111, 0, 2, 0, 0, NULL, 182, 3),
	(211, 'Borussia Dortmund', NULL, NULL, NULL, 5, 0, 0, 50, 27, 0, 12, 7, 3, NULL, 203, 3),
	(212, 'Borussia Dortmund', NULL, NULL, NULL, 28, 8, 1, 310, 277, 0, 3, 0, 0, NULL, 358, 5),
	(213, 'Borussia Dortmund', NULL, NULL, NULL, 1, 4, 2, NULL, NULL, 0, 1, 0, 0, NULL, 20, 3),
	(215, 'Borussia Dortmund', NULL, NULL, NULL, 6, 0, 0, 137, 107, 0, 11, 5, 3, NULL, 392, 6),
	(216, 'Borussia Dortmund', NULL, NULL, NULL, 42, 3, 0, 271, 212, 1, 1, 1, 0, 7, 484, 6),
	(217, 'Borussia Dortmund', NULL, NULL, NULL, 1, 0, 0, NULL, NULL, 0, 2, 0, 0, NULL, 20, 1),
	(218, 'Borussia Dortmund', NULL, NULL, NULL, 3, 0, 0, NULL, NULL, 0, 1, 0, 0, NULL, 60, 2),
	(219, 'Borussia Dortmund', NULL, NULL, NULL, 9, 2, 2, 89, 78, 0, NULL, NULL, 0, NULL, 170, 5),
	(220, 'Borussia Dortmund', NULL, NULL, NULL, 6, 2, 0, 71, 64, 0, 2, 0, 0, NULL, 126, 3),
	(221, 'Borussia Dortmund', NULL, NULL, NULL, 15, 1, 0, 215, 182, 1, 15, 9, 3, 5, 499, 6),
	(222, 'Borussia Dortmund', NULL, NULL, NULL, 10, 2, 0, 129, 110, 1, NULL, NULL, 0, 2, 195, 4),
	(223, 'Borussia Dortmund', NULL, NULL, NULL, 4, 2, 0, 66, 54, 0, 3, 0, 0, NULL, 142, 3),
	(224, 'Borussia Dortmund', NULL, NULL, NULL, NULL, NULL, NULL, 19, 9, 0, 2, 0, 0, NULL, 100, 2),
	(225, 'Borussia Dortmund', NULL, NULL, NULL, 35, 5, 2, 311, 294, 0, 1, 1, 0, NULL, 471, 6),
	(226, 'Borussia Dortmund', NULL, NULL, NULL, 3, 5, 0, 66, 50, 0, 3, 1, 0, NULL, 170, 5),
	(227, 'Borussia Dortmund', NULL, NULL, NULL, 7, 0, 0, 111, 103, 0, NULL, NULL, 0, NULL, 97, 2),
	(228, 'Dynamo Kyiv', NULL, NULL, NULL, 6, 1, 0, 48, 40, 0, NULL, NULL, 0, NULL, 94, 2),
	(231, 'Dynamo Kyiv', NULL, NULL, NULL, 8, 5, 2, 101, 84, 0, 4, 3, 0, NULL, 436, 5),
	(232, 'Dynamo Kyiv', NULL, NULL, NULL, 10, 2, 1, 124, 87, 0, 4, 2, 0, NULL, 375, 6),
	(233, 'Dynamo Kyiv', NULL, NULL, NULL, NULL, NULL, NULL, NULL, NULL, 0, NULL, NULL, 0, NULL, 16, 2),
	(234, 'Dynamo Kyiv', NULL, NULL, NULL, 10, 9, 2, 88, 69, 0, 7, 3, 1, NULL, 325, 6),
	(235, 'Dynamo Kyiv', NULL, NULL, NULL, 12, 8, 4, 129, 106, 0, NULL, NULL, 0, NULL, 366, 5),
	(236, 'Dynamo Kyiv', NULL, NULL, NULL, 4, 1, 0, 57, 44, 0, 3, 0, 0, NULL, 154, 6),
	(237, 'Dynamo Kyiv', NULL, NULL, NULL, NULL, NULL, NULL, NULL, NULL, 0, NULL, NULL, 0, NULL, 9, 1),
	(238, 'Dynamo Kyiv', NULL, NULL, NULL, 22, 6, 2, 201, 171, 0, 2, 1, 0, NULL, 450, 5),
	(239, 'Dynamo Kyiv', NULL, NULL, NULL, 2, 0, 0, 35, 33, 0, NULL, NULL, 0, NULL, 90, 1),
	(240, 'Dynamo Kyiv', NULL, NULL, NULL, 33, 11, 4, 321, 287, 0, 7, 3, 0, NULL, 486, 6),
	(241, 'Dynamo Kyiv', NULL, NULL, NULL, 5, 2, 1, NULL, NULL, 0, NULL, NULL, 0, NULL, 54, 2),
	(242, 'Dynamo Kyiv', NULL, NULL, NULL, 1, 1, 0, 22, 14, 0, NULL, NULL, 0, NULL, 104, 2),
	(243, 'Dynamo Kyiv', NULL, NULL, NULL, 1, 3, 1, NULL, NULL, 0, NULL, NULL, 0, NULL, 81, 2),
	(244, 'Dynamo Kyiv', NULL, NULL, NULL, 37, 5, 3, 297, 262, 0, 3, 1, 0, NULL, 536, 6),
	(245, 'Dynamo Kyiv', NULL, NULL, NULL, 23, 4, 3, 224, 194, 0, 1, 0, 0, NULL, 450, 5),
	(246, 'Dynamo Kyiv', NULL, NULL, NULL, 20, 5, 1, 174, 148, 1, 9, 2, 0, 8, 490, 6),
	(247, 'Dynamo Kyiv', NULL, NULL, NULL, 10, 1, 0, 94, 75, 0, 1, 1, 0, NULL, 160, 4),
	(248, 'Dynamo Kyiv', NULL, NULL, NULL, 4, 2, 1, 26, 18, 0, 3, 0, 0, NULL, 91, 3),
	(249, 'Dynamo Kyiv', NULL, NULL, NULL, 3, 0, 0, 28, 21, 0, 1, 0, 0, NULL, 93, 3),
	(250, 'Dynamo Kyiv', NULL, NULL, NULL, 26, 4, 2, 241, 221, 0, 2, 0, 0, NULL, 540, 6),
	(251, 'Inter', NULL, NULL, NULL, 4, 6, 2, 67, 54, 1, 2, 1, 1, 2, 155, 6),
	(252, 'Inter', NULL, NULL, NULL, 13, 10, 3, 306, 265, 0, 7, 0, 0, NULL, 496, 6),
	(253, 'Inter', NULL, NULL, NULL, 46, 7, 2, 432, 387, 0, 1, 0, 0, NULL, 666, 8),
	(254, 'Inter', NULL, NULL, NULL, 38, 15, 6, 559, 506, 0, 11, 1, 1, NULL, 635, 8),
	(255, 'Inter', NULL, NULL, NULL, NULL, NULL, NULL, 27, 24, 0, 1, 1, 0, NULL, 106, 5),
	(256, 'Inter', NULL, NULL, NULL, 7, 3, 1, 64, 56, 0, 2, 0, 0, NULL, 147, 3),
	(257, 'Inter', NULL, NULL, NULL, 3, 2, 1, 57, 41, 0, 2, 0, 0, NULL, 196, 5),
	(258, 'Inter', NULL, NULL, NULL, 31, 5, 4, 322, 301, 0, 4, 3, 1, NULL, 487, 6),
	(259, 'Inter', NULL, NULL, NULL, 12, 2, 2, 158, 138, 0, 6, 2, 0, NULL, 283, 7),
	(260, 'Inter', NULL, NULL, NULL, 10, 6, 1, 124, 93, 1, 6, 1, 0, 5, 467, 7),
	(261, 'Inter', NULL, NULL, NULL, 6, 0, 0, 157, 116, 1, 25, 12, 3, 4, 541, 7),
	(262, 'Inter', NULL, NULL, NULL, 2, 3, 2, NULL, NULL, 0, NULL, NULL, 0, NULL, 66, 5),
	(263, 'Inter', NULL, NULL, NULL, 14, 8, 2, 262, 225, 0, 5, 1, 0, NULL, 419, 6),
	(265, 'Inter', NULL, NULL, NULL, NULL, NULL, NULL, NULL, NULL, 0, NULL, NULL, 0, NULL, 5, 1),
	(266, 'Inter', NULL, NULL, NULL, 13, 11, 4, 121, 97, 0, 28, 7, 1, NULL, 587, 8),
	(267, 'Inter', NULL, NULL, NULL, 31, 1, 1, 219, 168, 1, 15, 4, 0, 13, 531, 8),
	(268, 'Inter', NULL, NULL, NULL, 5, 0, 0, 38, 31, 0, 2, 1, 0, NULL, 98, 3),
	(269, 'Inter', NULL, NULL, NULL, NULL, NULL, NULL, NULL, NULL, 0, 3, 1, 0, NULL, 9, 2),
	(270, 'Inter', NULL, NULL, NULL, 38, 11, 6, 451, 416, 0, 10, 3, 1, NULL, 720, 8),
	(271, 'Inter', NULL, NULL, NULL, 3, 0, 0, 40, 29, 0, NULL, NULL, 0, NULL, 124, 4),
	(272, 'Inter', NULL, NULL, NULL, 30, 19, 10, 254, 222, 2, 3, 2, 1, 2, 409, 7),
	(273, 'Juventus', NULL, NULL, NULL, 32, 11, 4, 325, 284, 0, 6, 1, 1, NULL, 553, 7),
	(274, 'Juventus', NULL, NULL, NULL, 14, 3, 2, 293, 278, 0, 2, 0, 0, NULL, 264, 6),
	(275, 'Juventus', NULL, NULL, NULL, 23, 7, 3, 206, 176, 1, 2, 0, 0, 2, 382, 5),
	(276, 'Juventus', NULL, NULL, NULL, 10, 2, 1, 131, 111, 2, 7, 5, 0, 7, 292, 5),
	(277, 'Juventus', NULL, NULL, NULL, 36, 6, 2, 434, 391, 0, NULL, NULL, 0, NULL, 580, 7),
	(278, 'Juventus', NULL, NULL, NULL, NULL, NULL, NULL, NULL, NULL, 0, NULL, NULL, 0, NULL, 7, 1),
	(279, 'Juventus', NULL, NULL, NULL, 4, 1, 0, 90, 77, 0, 13, 4, 2, NULL, 336, 4),
	(280, 'Juventus', NULL, NULL, NULL, 23, 6, 1, 256, 226, 0, 3, 0, 0, NULL, 472, 7),
	(281, 'Juventus', NULL, NULL, NULL, NULL, NULL, NULL, NULL, NULL, 0, NULL, NULL, 0, NULL, 1, 1),
	(282, 'Juventus', NULL, NULL, NULL, 24, 9, 1, 362, 331, 1, 2, 0, 0, 1, 450, 5),
	(283, 'Juventus', NULL, NULL, NULL, 49, 5, 4, 346, 307, 0, 1, 0, 0, NULL, 627, 7),
	(284, 'Juventus', NULL, NULL, NULL, 24, 5, 5, 144, 126, 1, NULL, NULL, 0, 4, 286, 4),
	(285, 'Juventus', NULL, NULL, NULL, 5, 1, 1, NULL, NULL, 0, NULL, NULL, 0, NULL, 81, 2),
	(286, 'Juventus', NULL, NULL, NULL, 7, 2, 1, 178, 156, 1, 12, 5, 3, 8, 255, 5),
	(287, 'Juventus', NULL, NULL, NULL, 2, 0, 0, 44, 29, 0, 9, 4, 1, NULL, 168, 6),
	(288, 'Juventus', NULL, NULL, NULL, 2, 1, 1, NULL, NULL, 0, 1, 1, 1, NULL, 80, 5),
	(289, 'Juventus', NULL, NULL, NULL, 24, 15, 7, 363, 316, 0, 8, 0, 0, NULL, 539, 7),
	(290, 'Juventus', NULL, NULL, NULL, NULL, NULL, NULL, NULL, NULL, 0, NULL, NULL, 0, NULL, 3, 1),
	(291, 'Juventus', NULL, NULL, NULL, 15, 5, 0, 170, 153, 0, 7, 3, 0, NULL, 388, 6),
	(292, 'Juventus', NULL, NULL, NULL, 1, 0, 0, NULL, NULL, 0, NULL, NULL, 0, NULL, 1, 1),
	(293, 'Juventus', NULL, NULL, NULL, 11, 0, 0, 137, 108, 0, 18, 7, 2, NULL, 520, 7),
	(295, 'Juventus', NULL, NULL, NULL, 27, 11, 6, 267, 243, 0, 8, 2, 0, NULL, 536, 7),
	(296, 'Juventus', NULL, NULL, NULL, NULL, NULL, NULL, NULL, NULL, 0, NULL, NULL, 0, NULL, 14, 2),
	(297, 'Juventus', NULL, NULL, NULL, 15, 2, 1, 130, 122, 0, 1, 1, 0, NULL, 177, 4),
	(299, 'Juventus', NULL, NULL, NULL, NULL, NULL, NULL, 29, 22, 0, 5, 4, 1, NULL, 180, 2),
	(300, 'Juventus', NULL, NULL, NULL, 1, 0, 0, NULL, NULL, 0, NULL, NULL, 0, NULL, 9, 1),
	(301, 'RB Leipzig', NULL, NULL, NULL, 8, 8, 5, 166, 146, 0, NULL, NULL, 0, NULL, 292, 5),
	(302, 'RB Leipzig', NULL, NULL, NULL, 8, 3, 0, 99, 82, 2, 21, 10, 3, 5, 410, 6),
	(303, 'RB Leipzig', NULL, NULL, NULL, 14, 3, 2, 180, 132, 3, 5, 0, 0, 4, 432, 5),
	(304, 'RB Leipzig', NULL, NULL, NULL, 1, 1, 1, NULL, NULL, 0, NULL, NULL, 0, NULL, 10, 1),
	(305, 'RB Leipzig', NULL, NULL, NULL, 2, 1, 1, 23, 13, 0, NULL, NULL, 0, NULL, 115, 5),
	(306, 'RB Leipzig', NULL, NULL, NULL, 12, 2, 0, 164, 132, 2, 11, 4, 2, 3, 385, 6),
	(308, 'RB Leipzig', NULL, NULL, NULL, 39, 9, 5, 196, 162, 0, 4, 0, 0, NULL, 334, 6),
	(309, 'RB Leipzig', NULL, NULL, NULL, 14, 8, 5, 123, 106, 0, 1, 0, 0, NULL, 182, 4),
	(310, 'RB Leipzig', NULL, NULL, NULL, 3, 1, 1, NULL, NULL, 0, 2, 0, 0, NULL, 51, 4),
	(311, 'RB Leipzig', NULL, NULL, NULL, 15, 8, 4, 180, 165, 0, 1, 0, 0, NULL, 270, 3),
	(312, 'RB Leipzig', NULL, NULL, NULL, 24, 4, 3, 161, 140, 0, NULL, NULL, 0, NULL, 357, 5),
	(313, 'RB Leipzig', NULL, NULL, NULL, 19, 11, 2, 187, 149, 1, 5, 3, 0, 4, 405, 6),
	(315, 'RB Leipzig', NULL, NULL, NULL, 1, 4, 2, NULL, NULL, 0, 2, 0, 0, NULL, 60, 3),
	(316, 'RB Leipzig', NULL, NULL, NULL, 30, 9, 3, 196, 144, 1, 5, 2, 1, 3, 484, 6),
	(317, 'RB Leipzig', NULL, NULL, NULL, 15, 4, 1, 193, 167, 0, 17, 11, 7, NULL, 531, 6),
	(318, 'RB Leipzig', NULL, NULL, NULL, NULL, NULL, NULL, NULL, NULL, 1, 1, 1, 0, 1, 24, 1),
	(319, 'RB Leipzig', NULL, NULL, NULL, 1, 0, 0, NULL, NULL, 1, 2, 0, 0, 5, 88, 2),
	(320, 'RB Leipzig', NULL, NULL, NULL, 25, 5, 4, 194, 176, 0, NULL, NULL, 0, NULL, 315, 4),
	(321, 'RB Leipzig', NULL, NULL, NULL, 3, 3, 0, 43, 27, 1, 5, 1, 0, 2, 147, 4),
	(322, 'RB Leipzig', NULL, NULL, NULL, 22, 5, 2, 158, 142, 0, 1, 0, 0, NULL, 297, 4),
	(323, 'RB Leipzig', NULL, NULL, NULL, 4, 0, 0, 105, 85, 0, 4, 2, 2, NULL, 209, 4),
	(324, 'Liverpool', NULL, NULL, NULL, 51, 1, 0, 685, 556, 4, 12, 1, 0, 9, 794, 9),
	(326, 'Liverpool', NULL, NULL, NULL, NULL, NULL, NULL, NULL, NULL, 0, NULL, NULL, 0, NULL, 1, 1),
	(327, 'Liverpool', NULL, NULL, NULL, 13, 7, 2, 234, 189, 1, 16, 7, 1, 19, 578, 11),
	(328, 'Liverpool', NULL, NULL, NULL, NULL, NULL, NULL, NULL, NULL, 0, NULL, NULL, 0, NULL, 59, 1),
	(329, 'Liverpool', NULL, NULL, NULL, 74, 23, 9, 595, 549, 0, 5, 1, 1, NULL, 849, 13),
	(330, 'Liverpool', NULL, NULL, NULL, 17, 2, 1, 176, 150, 0, 13, 5, 5, NULL, 323, 7),
	(331, 'Liverpool', NULL, NULL, NULL, 14, 0, 0, 200, 173, 0, 1, 1, 0, NULL, 245, 7),
	(332, 'Liverpool', NULL, NULL, NULL, 29, 3, 1, 602, 530, 2, 12, 4, 1, 2, 666, 12),
	(333, 'Liverpool', NULL, NULL, NULL, 6, 0, 0, 132, 118, 2, 7, 4, 0, 0, 185, 4),
	(334, 'Liverpool', NULL, NULL, NULL, 21, 8, 2, 354, 313, 2, 14, 2, 1, 6, 487, 10),
	(335, 'Liverpool', NULL, NULL, NULL, 53, 16, 11, 515, 465, 0, 6, 2, 2, NULL, 720, 8),
	(336, 'Liverpool', NULL, NULL, NULL, 16, 8, 3, 341, 282, 1, NULL, NULL, 2, 42, 385, 7),
	(337, 'Liverpool', NULL, NULL, NULL, 9, 4, 1, 278, 219, 1, 21, 8, 5, 17, 822, 13),
	(338, 'Liverpool', NULL, NULL, NULL, 34, 5, 1, 498, 467, 0, 5, 2, 0, NULL, 630, 7),
	(339, 'Liverpool', NULL, NULL, NULL, 5, 6, 3, 157, 116, 1, 2, 1, 0, 1, 211, 8),
	(340, 'Liverpool', NULL, NULL, NULL, 6, 2, 0, 76, 69, 0, 2, 0, 0, NULL, 215, 4),
	(341, 'Liverpool', NULL, NULL, NULL, 9, 5, 4, 76, 67, 0, NULL, NULL, 0, NULL, 180, 2),
	(342, 'Liverpool', NULL, NULL, NULL, 10, 6, 2, 100, 76, 0, 3, 1, 0, NULL, 180, 3),
	(343, 'Liverpool', NULL, NULL, NULL, 5, 1, 0, 47, 35, 1, 12, 2, 1, 3, 187, 7),
	(344, 'Liverpool', NULL, NULL, NULL, 17, 1, 1, 165, 141, 1, 10, 3, 0, 6, 300, 6),
	(345, 'Liverpool', NULL, NULL, NULL, 5, 1, 1, 37, 33, 0, NULL, NULL, 0, NULL, 91, 2),
	(346, 'Liverpool', NULL, NULL, NULL, 44, 4, 3, 628, 512, 2, 5, 2, 0, 9, 826, 10),
	(347, 'Liverpool', NULL, NULL, NULL, 12, 0, 0, 426, 346, 2, 42, 22, 8, 49, 1008, 13),
	(348, 'Liverpool', NULL, NULL, NULL, 40, 16, 11, 553, 508, 0, 9, 3, 1, NULL, 604, 10),
	(349, 'Liverpool', NULL, NULL, NULL, 26, 2, 1, 201, 165, 2, NULL, NULL, 0, 4, 344, 5),
	(350, 'Liverpool', NULL, NULL, NULL, 62, 3, 2, 667, 609, 1, 6, 3, 0, 0, 810, 9),
	(351, 'Liverpool', NULL, NULL, NULL, NULL, NULL, NULL, NULL, NULL, 0, NULL, NULL, 0, NULL, 1, 1),
	(352, 'LOSC Lille', NULL, NULL, NULL, 49, 24, 12, 352, 289, 0, 5, 1, 0, NULL, 630, 7),
	(353, 'LOSC Lille', NULL, NULL, NULL, 19, 5, 1, 218, 174, 0, 4, 1, 0, NULL, 468, 6),
	(354, 'LOSC Lille', NULL, NULL, NULL, NULL, NULL, NULL, NULL, NULL, 0, 1, 0, 0, NULL, 22, 2),
	(355, 'LOSC Lille', NULL, NULL, NULL, 37, 7, 5, 248, 220, 0, 3, 1, 0, NULL, 418, 5),
	(356, 'LOSC Lille', NULL, NULL, NULL, 1, 1, 0, NULL, NULL, 0, NULL, NULL, 0, NULL, 13, 1),
	(357, 'LOSC Lille', NULL, NULL, NULL, 2, 1, 0, 130, 91, 0, NULL, NULL, 3, NULL, 529, 7),
	(358, 'LOSC Lille', NULL, NULL, NULL, 11, 1, 1, 148, 122, 0, 12, 5, 3, NULL, 679, 8),
	(359, 'LOSC Lille', NULL, NULL, NULL, 47, 13, 9, 369, 328, 0, 3, 0, 0, NULL, 720, 8),
	(360, 'LOSC Lille', NULL, NULL, NULL, 5, 2, 0, 54, 40, 1, 3, 1, 1, 3, 168, 4),
	(362, 'LOSC Lille', NULL, NULL, NULL, 10, 2, 2, 76, 53, 0, 2, 0, 0, NULL, 243, 4),
	(363, 'LOSC Lille', NULL, NULL, NULL, 9, 0, 0, 97, 75, 2, 11, 4, 1, 15, 297, 5),
	(365, 'LOSC Lille', NULL, NULL, NULL, NULL, NULL, NULL, NULL, NULL, 0, NULL, NULL, 0, NULL, 23, 3),
	(366, 'LOSC Lille', NULL, NULL, NULL, 17, 7, 6, 95, 76, 0, 2, 0, 0, NULL, 257, 8),
	(367, 'LOSC Lille', NULL, NULL, NULL, NULL, NULL, NULL, 364, 302, 0, NULL, NULL, 0, NULL, 816, 10),
	(368, 'LOSC Lille', NULL, NULL, NULL, 12, 3, 1, 204, 163, 0, 4, 1, 0, NULL, 407, 5),
	(369, 'LOSC Lille', NULL, NULL, NULL, 39, 8, 6, 276, 236, 0, 1, 0, 0, NULL, 533, 7),
	(370, 'LOSC Lille', NULL, NULL, NULL, 5, 1, 1, 66, 51, 0, 5, 0, 0, NULL, 255, 5),
	(371, 'LOSC Lille', NULL, NULL, NULL, 19, 8, 1, 218, 180, 0, 4, 0, 0, NULL, 435, 7),
	(372, 'LOSC Lille', NULL, NULL, NULL, 1, 0, 0, NULL, NULL, 0, 1, 0, 0, NULL, 47, 4),
	(373, 'LOSC Lille', NULL, NULL, NULL, 29, 8, 4, 297, 233, 1, 4, 0, 0, 5, 591, 7),
	(374, 'LOSC Lille', NULL, NULL, NULL, 1, 0, 0, NULL, NULL, 0, NULL, NULL, 0, NULL, 9, 1),
	(375, 'Malmö FF', NULL, NULL, NULL, 4, 2, 0, 76, 59, 0, 7, 1, 0, NULL, 500, 6),
	(376, 'Malmö FF', NULL, NULL, NULL, 2, 2, 2, 33, 26, 0, 2, 0, 0, NULL, 116, 4),
	(377, 'Malmö FF', NULL, NULL, NULL, 32, 6, 3, 225, 191, 0, NULL, NULL, 0, NULL, 413, 5),
	(378, 'Malmö FF', NULL, NULL, NULL, 15, 3, 1, 162, 104, 0, NULL, NULL, 0, NULL, 438, 5),
	(379, 'Malmö FF', NULL, NULL, NULL, 8, 6, 3, 92, 66, 1, 5, 0, 0, 19, 356, 6),
	(380, 'Malmö FF', NULL, NULL, NULL, 17, 4, 3, 163, 139, 0, NULL, NULL, 0, NULL, 448, 5),
	(381, 'Malmö FF', NULL, NULL, NULL, 13, 2, 0, 193, 163, 0, 5, 1, 0, NULL, 328, 4),
	(384, 'Malmö FF', NULL, NULL, NULL, NULL, NULL, NULL, NULL, NULL, 0, NULL, NULL, 0, NULL, 3, 1),
	(385, 'Malmö FF', NULL, NULL, NULL, 23, 14, 2, 225, 202, 0, 1, 0, 0, NULL, 496, 6),
	(386, 'Malmö FF', NULL, NULL, NULL, 27, 6, 5, 162, 140, 0, 2, 0, 0, NULL, 450, 5),
	(387, 'Malmö FF', NULL, NULL, NULL, 13, 0, 0, 86, 67, 0, 1, 0, 0, NULL, 275, 4),
	(388, 'Malmö FF', NULL, NULL, NULL, 6, 1, 1, 62, 54, 0, NULL, NULL, 0, NULL, 123, 2),
	(389, 'Malmö FF', NULL, NULL, NULL, 8, 1, 0, 105, 82, 0, 1, 1, 0, NULL, 284, 6),
	(390, 'Malmö FF', NULL, NULL, NULL, 16, 4, 3, 86, 77, 0, NULL, NULL, 0, NULL, 187, 3),
	(391, 'Malmö FF', NULL, NULL, NULL, 5, 0, 0, NULL, NULL, 0, NULL, NULL, 0, NULL, 83, 5),
	(392, 'Malmö FF', NULL, NULL, NULL, NULL, NULL, NULL, NULL, NULL, 0, 1, 0, 0, NULL, 89, 2),
	(393, 'Malmö FF', NULL, NULL, NULL, 12, 11, 4, 170, 138, 0, 4, 2, 0, NULL, 281, 5),
	(394, 'Malmö FF', NULL, NULL, NULL, 4, 6, 3, 67, 48, 0, 3, 1, 0, NULL, 273, 6),
	(395, 'Malmö FF', NULL, NULL, NULL, 4, 4, 2, 68, 55, 0, 3, 1, 1, NULL, 222, 3),
	(396, 'Manchester City', NULL, NULL, NULL, 19, 3, 3, 259, 244, 0, 4, 1, 1, NULL, 324, 6),
	(397, 'Manchester City', NULL, NULL, NULL, 25, 9, 4, 462, 427, 3, 7, 4, 3, 18, 878, 11),
	(399, 'Manchester City', NULL, NULL, NULL, 11, 6, 0, 397, 334, 4, 24, 7, 2, 14, 734, 10),
	(400, 'Manchester City', NULL, NULL, NULL, 1, 0, 0, NULL, NULL, 0, NULL, NULL, 0, NULL, 6, 1),
	(402, 'Manchester City', NULL, NULL, NULL, 3, 1, 0, 61, 58, 0, NULL, NULL, 0, NULL, 90, 1),
	(403, 'Manchester City', NULL, NULL, NULL, 17, 9, 4, 291, 254, 2, 4, 0, 0, 1, 347, 8),
	(404, 'Manchester City', NULL, NULL, NULL, NULL, NULL, NULL, NULL, NULL, 0, 3, 1, 0, NULL, 71, 1),
	(405, 'Manchester City', NULL, NULL, NULL, 10, 5, 1, 287, 238, 2, 22, 9, 3, 12, 658, 11),
	(406, 'Manchester City', NULL, NULL, NULL, 11, 2, 0, 243, 214, 1, 10, 3, 1, 18, 461, 7),
	(407, 'Manchester City', NULL, NULL, NULL, 13, 6, 0, 406, 367, 2, 14, 2, 0, 3, 660, 10),
	(408, 'Manchester City', NULL, NULL, NULL, 6, 3, 2, 131, 113, 1, 9, 7, 4, 7, 352, 8),
	(409, 'Manchester City', NULL, NULL, NULL, 56, 9, 6, 668, 586, 3, 11, 4, 2, 26, 840, 9),
	(410, 'Manchester City', NULL, NULL, NULL, 51, 5, 1, 707, 672, 0, 5, 1, 0, NULL, 794, 9),
	(411, 'Manchester City', NULL, NULL, NULL, 20, 6, 1, 482, 414, 2, 37, 18, 7, 28, 986, 12),
	(412, 'Manchester City', NULL, NULL, NULL, NULL, NULL, NULL, NULL, NULL, 0, NULL, NULL, 0, NULL, 6, 1),
	(413, 'Manchester City', NULL, NULL, NULL, 1, 1, 1, NULL, NULL, 0, NULL, NULL, 0, NULL, 45, 1),
	(414, 'Manchester City', NULL, NULL, NULL, 2, 0, 0, NULL, NULL, 0, 2, 2, 1, NULL, 40, 3),
	(415, 'Manchester City', NULL, NULL, NULL, 52, 14, 10, 806, 760, 0, 6, 0, 0, NULL, 842, 10),
	(416, 'Manchester City', NULL, NULL, NULL, 45, 11, 1, 464, 431, 0, 4, 1, 0, NULL, 664, 8),
	(418, 'Manchester City', NULL, NULL, NULL, 7, 3, 0, 206, 185, 2, 17, 6, 3, 14, 581, 12),
	(419, 'Manchester City', NULL, NULL, NULL, 33, 1, 1, 545, 523, 0, 6, 1, 0, NULL, 637, 8),
	(420, 'Manchester City', NULL, NULL, NULL, 34, 3, 1, 397, 347, 0, 2, 1, 1, NULL, 577, 7),
	(421, 'Manchester City', NULL, NULL, NULL, 31, 6, 2, 356, 314, 1, 6, 0, 0, 3, 501, 8),
	(422, 'Manchester United', NULL, NULL, NULL, 13, 3, 0, 179, 164, 0, 1, 1, 1, NULL, 293, 4),
	(423, 'Manchester United', NULL, NULL, NULL, 11, 2, 1, 107, 98, 0, NULL, NULL, 0, NULL, 180, 2),
	(424, 'Manchester United', NULL, NULL, NULL, 17, 13, 6, 324, 250, 7, 12, 3, 0, 7, 520, 7),
	(425, 'Manchester United', NULL, NULL, NULL, NULL, NULL, NULL, NULL, NULL, 0, 1, 0, 0, NULL, 75, 4),
	(426, 'Manchester United', NULL, NULL, NULL, 9, 2, 0, 135, 115, 0, 4, 1, 0, NULL, 233, 3),
	(428, 'Manchester United', NULL, NULL, NULL, 4, 0, 0, NULL, NULL, 0, 2, 1, 0, NULL, 68, 1),
	(429, 'Manchester United', NULL, NULL, NULL, 3, 0, 0, 47, 31, 0, 4, 3, 1, NULL, 172, 3),
	(430, 'Manchester United', NULL, NULL, NULL, 29, 10, 6, 262, 224, 0, 5, 2, 0, NULL, 433, 6),
	(431, 'Manchester United', NULL, NULL, NULL, 3, 0, 0, 143, 123, 1, 2, 2, 1, 6, 304, 4),
	(434, 'Manchester United', NULL, NULL, NULL, NULL, NULL, NULL, NULL, NULL, 0, NULL, NULL, 0, NULL, 1, 1),
	(435, 'Manchester United', NULL, NULL, NULL, 30, 5, 3, 280, 263, 0, NULL, NULL, 0, NULL, 426, 5),
	(436, 'Manchester United', NULL, NULL, NULL, 1, 0, 0, 49, 42, 1, 2, 2, 0, 2, 116, 4),
	(437, 'Manchester United', NULL, NULL, NULL, 30, 5, 1, 346, 311, 0, 4, 2, 1, NULL, 534, 6),
	(438, 'Manchester United', NULL, NULL, NULL, NULL, NULL, NULL, NULL, NULL, 0, NULL, NULL, 0, NULL, 67, 2),
	(439, 'Manchester United', NULL, NULL, NULL, 4, 1, 1, 55, 47, 0, 2, 1, 0, NULL, 96, 3),
	(440, 'Manchester United', NULL, NULL, NULL, 13, 1, 1, 152, 132, 0, 1, 0, 0, NULL, 194, 8),
	(441, 'Manchester United', NULL, NULL, NULL, 28, 7, 2, 217, 197, 0, 4, 1, 0, NULL, 400, 5),
	(442, 'Manchester United', NULL, NULL, NULL, 1, 1, 1, NULL, NULL, 0, NULL, NULL, 0, NULL, 29, 1),
	(443, 'Manchester United', NULL, NULL, NULL, 9, 5, 3, 191, 157, 0, 2, 1, 0, NULL, 347, 6),
	(444, 'Manchester United', NULL, NULL, NULL, 3, 1, 1, 110, 91, 0, 10, 2, 1, NULL, 257, 5),
	(445, 'Manchester United', NULL, NULL, NULL, 5, 3, 1, 204, 179, 0, 22, 12, 6, NULL, 611, 7),
	(446, 'Manchester United', NULL, NULL, NULL, 10, 0, 0, 202, 176, 0, 5, 3, 1, NULL, 393, 7),
	(447, 'Manchester United', NULL, NULL, NULL, NULL, NULL, NULL, NULL, NULL, 0, NULL, NULL, 0, NULL, 1, 1),
	(448, 'Manchester United', NULL, NULL, NULL, 20, 6, 4, 233, 190, 2, 1, 0, 0, 1, 397, 5),
	(449, 'Manchester United', NULL, NULL, NULL, 1, 0, 0, NULL, NULL, 0, NULL, NULL, 0, NULL, 22, 1),
	(450, 'Manchester United', NULL, NULL, NULL, 11, 8, 3, 117, 102, 0, 1, 1, 0, NULL, 204, 4),
	(451, 'Manchester United', NULL, NULL, NULL, 34, 0, 0, 245, 222, 0, 2, 2, 0, NULL, 353, 5),
	(452, 'Manchester United', NULL, NULL, NULL, 28, 12, 7, 254, 218, 0, 1, 0, 0, NULL, 419, 6),
	(453, 'AC Milan', NULL, NULL, NULL, 3, 1, 0, NULL, NULL, 0, 2, 0, 0, NULL, 56, 3),
	(454, 'AC Milan', NULL, NULL, NULL, 7, 2, 1, 31, 27, 0, NULL, NULL, 0, NULL, 91, 2),
	(455, 'AC Milan', NULL, NULL, NULL, 31, 9, 5, 200, 170, 0, 2, 1, 0, NULL, 376, 6),
	(456, 'AC Milan', NULL, NULL, NULL, 6, 2, 2, 124, 98, 1, 5, 2, 1, 19, 351, 5),
	(457, 'AC Milan', NULL, NULL, NULL, 23, 0, 0, 120, 91, 0, 1, 0, 0, NULL, 315, 4),
	(458, 'AC Milan', NULL, NULL, NULL, 4, 0, 0, NULL, NULL, 0, 3, 0, 0, NULL, 88, 4),
	(459, 'AC Milan', NULL, NULL, NULL, 4, 2, 1, 48, 36, 0, 5, 3, 0, NULL, 261, 5),
	(460, 'AC Milan', NULL, NULL, NULL, NULL, NULL, NULL, 49, 40, 0, 3, 0, 0, NULL, 160, 4),
	(461, 'AC Milan', NULL, NULL, NULL, 10, 5, 3, 79, 57, 1, 2, 1, 0, 1, 216, 5),
	(462, 'AC Milan', NULL, NULL, NULL, 15, 4, 0, 175, 150, 1, 4, 1, 0, 0, 321, 5),
	(463, 'AC Milan', NULL, NULL, NULL, 16, 4, 2, 134, 119, 0, 2, 1, 0, NULL, 270, 3),
	(464, 'AC Milan', NULL, NULL, NULL, 11, 3, 2, 90, 77, 0, 2, 0, 0, NULL, 252, 4),
	(466, 'AC Milan', NULL, NULL, NULL, 3, 2, 1, NULL, NULL, 0, NULL, NULL, 0, NULL, 20, 3),
	(467, 'AC Milan', NULL, NULL, NULL, 3, 1, 1, 35, 26, 0, 1, 1, 1, NULL, 115, 2),
	(468, 'AC Milan', NULL, NULL, NULL, 6, 5, 1, 57, 42, 1, 1, 1, 1, 16, 294, 4),
	(469, 'AC Milan', NULL, NULL, NULL, 1, 2, 0, 21, 13, 0, 2, 2, 1, NULL, 117, 2),
	(470, 'AC Milan', NULL, NULL, NULL, 32, 10, 7, 221, 192, 0, 1, 0, 0, NULL, 392, 5),
	(471, 'AC Milan', NULL, NULL, NULL, 24, 5, 1, 182, 141, 0, 4, 1, 0, NULL, 444, 6),
	(472, 'AC Milan', NULL, NULL, NULL, 21, 5, 2, 215, 172, 1, 3, 0, 0, 10, 450, 5),
	(474, 'AC Milan', NULL, NULL, NULL, 30, 10, 3, 194, 169, 0, 3, 2, 1, NULL, 418, 5),
	(475, 'AC Milan', NULL, NULL, NULL, 21, 2, 2, 184, 148, 0, 2, 0, 0, NULL, 333, 6),
	(476, 'Paris Saint-Germain', NULL, NULL, NULL, 15, 4, 2, 199, 185, 0, 2, 0, 0, NULL, 362, 7),
	(477, 'Paris Saint-Germain', NULL, NULL, NULL, 12, 6, 4, 154, 135, 1, 8, 2, 0, 3, 260, 5),
	(478, 'Paris Saint-Germain', NULL, NULL, NULL, 15, 1, 0, 117, 103, 0, NULL, NULL, 0, NULL, 165, 2),
	(479, 'Paris Saint-Germain', NULL, NULL, NULL, NULL, NULL, NULL, NULL, NULL, 0, 1, 0, 0, NULL, 7, 1),
	(481, 'Paris Saint-Germain', NULL, NULL, NULL, 5, 2, 1, 76, 68, 0, 2, 0, 0, NULL, 136, 3),
	(482, 'Paris Saint-Germain', NULL, NULL, NULL, 14, 12, 5, 209, 190, 0, 4, 2, 1, NULL, 400, 7),
	(483, 'Paris Saint-Germain', NULL, NULL, NULL, 36, 7, 1, 417, 378, 0, 1, 0, 0, NULL, 718, 8),
	(484, 'Paris Saint-Germain', NULL, NULL, NULL, 12, 9, 6, 224, 199, 0, 3, 2, 1, NULL, 326, 6),
	(485, 'Paris Saint-Germain', NULL, NULL, NULL, NULL, NULL, NULL, NULL, NULL, 0, 1, 0, 0, NULL, 47, 3),
	(486, 'Paris Saint-Germain', NULL, NULL, NULL, 5, 1, 0, NULL, NULL, 0, NULL, NULL, 0, NULL, 70, 4),
	(487, 'Paris Saint-Germain', NULL, NULL, NULL, 26, 9, 4, 376, 352, 0, NULL, NULL, 0, NULL, 630, 7),
	(488, 'Paris Saint-Germain', NULL, NULL, NULL, 42, 2, 2, 509, 475, 1, NULL, NULL, 0, 0, 720, 8),
	(489, 'Paris Saint-Germain', NULL, NULL, NULL, 10, 1, 0, 257, 220, 4, 27, 16, 6, 43, 673, 8),
	(490, 'Paris Saint-Germain', NULL, NULL, NULL, 7, 2, 1, 428, 385, 0, 26, 10, 5, NULL, 630, 7),
	(492, 'Paris Saint-Germain', NULL, NULL, NULL, 11, 3, 1, 259, 223, 1, 10, 1, 0, 27, 468, 6),
	(493, 'Paris Saint-Germain', NULL, NULL, NULL, 25, 5, 4, 258, 220, 0, 2, 2, 0, NULL, 581, 8),
	(494, 'Paris Saint-Germain', NULL, NULL, NULL, 18, 8, 1, 315, 298, 0, 1, 0, 0, NULL, 315, 5),
	(495, 'Paris Saint-Germain', NULL, NULL, NULL, 22, 35, 18, 436, 403, 0, NULL, NULL, 0, NULL, 431, 5),
	(496, 'Paris Saint-Germain', NULL, NULL, NULL, 5, 4, 0, 97, 89, 0, 4, 4, 2, NULL, 261, 5),
	(497, 'FC Porto', NULL, NULL, NULL, NULL, NULL, NULL, NULL, NULL, 0, NULL, NULL, 0, NULL, 11, 1),
	(498, 'FC Porto', NULL, NULL, NULL, 9, 4, 0, 76, 55, 0, NULL, NULL, 0, NULL, 212, 4),
	(500, 'FC Porto', NULL, NULL, NULL, 4, 6, 2, 72, 58, 0, 4, 1, 0, NULL, 313, 4),
	(501, 'FC Porto', NULL, NULL, NULL, 3, 0, 0, 39, 36, 0, 1, 0, 0, NULL, 155, 2),
	(502, 'FC Porto', NULL, NULL, NULL, 2, 1, 0, NULL, NULL, 1, 1, 1, 0, 3, 85, 2),
	(503, 'FC Porto', NULL, NULL, NULL, NULL, NULL, NULL, NULL, NULL, 0, 1, 0, 0, NULL, 37, 2),
	(504, 'FC Porto', NULL, NULL, NULL, 16, 8, 3, 131, 110, 1, 7, 6, 0, 3, 320, 6),
	(505, 'FC Porto', NULL, NULL, NULL, 21, 1, 0, 126, 95, 0, NULL, NULL, 0, NULL, 351, 4),
	(506, 'FC Porto', NULL, NULL, NULL, 6, 0, 0, 53, 36, 0, NULL, NULL, 0, NULL, 126, 2),
	(507, 'FC Porto', NULL, NULL, NULL, 31, 4, 1, 215, 192, 0, 2, 0, 0, NULL, 450, 5),
	(508, 'FC Porto', NULL, NULL, NULL, 19, 13, 7, 197, 149, 0, 6, 0, 0, NULL, 450, 6),
	(509, 'FC Porto', NULL, NULL, NULL, 30, 4, 2, 190, 163, 0, 2, 1, 0, NULL, 349, 5),
	(510, 'FC Porto', NULL, NULL, NULL, 1, 0, 0, NULL, NULL, 0, NULL, NULL, 0, NULL, 34, 3),
	(511, 'FC Porto', NULL, NULL, NULL, 14, 7, 2, 127, 96, 0, 2, 1, 1, NULL, 300, 6),
	(512, 'FC Porto', NULL, NULL, NULL, 12, 2, 0, 108, 75, 1, 17, 3, 1, 4, 494, 6),
	(513, 'FC Porto', NULL, NULL, NULL, 1, 1, 0, 20, 16, 0, 1, 0, 0, NULL, 144, 6),
	(514, 'FC Porto', NULL, NULL, NULL, 28, 12, 4, 112, 96, 0, 3, 0, 0, NULL, 289, 4),
	(515, 'FC Porto', NULL, NULL, NULL, 12, 4, 0, 142, 127, 0, 4, 1, 0, NULL, 218, 6),
	(516, 'FC Porto', NULL, NULL, NULL, 4, 6, 2, 52, 42, 0, 1, 0, 0, NULL, 131, 4),
	(517, 'FC Porto', NULL, NULL, NULL, 26, 7, 4, 152, 112, 0, 1, 0, 0, NULL, 389, 6),
	(518, 'Real Madrid CF', NULL, NULL, NULL, 49, 18, 12, 657, 606, 0, 5, 1, 1, NULL, 1040, 12),
	(519, 'Real Madrid CF', NULL, NULL, NULL, 3, 1, 0, 89, 75, 2, 5, 3, 1, 1, 207, 8),
	(520, 'Real Madrid CF', NULL, NULL, NULL, NULL, NULL, NULL, NULL, NULL, 0, NULL, NULL, 0, NULL, 7, 2),
	(521, 'Real Madrid CF', NULL, NULL, NULL, 6, 1, 1, 523, 433, 1, 45, 23, 15, 18, 1106, 12),
	(522, 'Real Madrid CF', NULL, NULL, NULL, NULL, NULL, NULL, NULL, NULL, 0, NULL, NULL, 0, NULL, 6, 1),
	(523, 'Real Madrid CF', NULL, NULL, NULL, 19, 17, 9, 179, 158, 1, 2, 0, 0, 2, 296, 10),
	(524, 'Real Madrid CF', NULL, NULL, NULL, 50, 12, 6, 576, 503, 1, 5, 2, 0, 9, 959, 11),
	(525, 'Real Madrid CF', NULL, NULL, NULL, 76, 31, 13, 538, 482, 0, 10, 2, 0, NULL, 914, 11),
	(526, 'Real Madrid CF', NULL, NULL, NULL, 2, 2, 1, NULL, NULL, 0, NULL, NULL, 0, NULL, 37, 5),
	(528, 'Real Madrid CF', NULL, NULL, NULL, 1, 0, 0, NULL, NULL, 0, 3, 3, 0, NULL, 84, 3),
	(529, 'Real Madrid CF', NULL, NULL, NULL, 76, 19, 6, 643, 563, 0, 9, 4, 0, NULL, 1076, 12),
	(530, 'Real Madrid CF', NULL, NULL, NULL, 1, 0, 0, 40, 36, 0, 4, 1, 0, NULL, 113, 3),
	(531, 'Real Madrid CF', NULL, NULL, NULL, 37, 11, 5, 814, 752, 0, 12, 7, 2, NULL, 902, 12),
	(532, 'Real Madrid CF', NULL, NULL, NULL, 13, 2, 0, 239, 207, 1, NULL, NULL, 0, 6, 349, 8),
	(533, 'Real Madrid CF', NULL, NULL, NULL, 4, 0, 0, 63, 55, 0, 2, 0, 0, NULL, 93, 3),
	(534, 'Real Madrid CF', NULL, NULL, NULL, NULL, NULL, NULL, NULL, NULL, 0, NULL, NULL, 0, NULL, 12, 1),
	(535, 'Real Madrid CF', NULL, NULL, NULL, 36, 6, 5, 413, 376, 2, 2, 0, 0, 8, 867, 10),
	(536, 'Real Madrid CF', NULL, NULL, NULL, 1, 1, 0, NULL, NULL, 0, 1, 0, 0, NULL, 66, 1),
	(537, 'Real Madrid CF', NULL, NULL, NULL, 39, 9, 3, 799, 723, 4, 14, 5, 0, 8, 1077, 13),
	(538, 'Real Madrid CF', NULL, NULL, NULL, 27, 10, 4, 304, 283, 0, 1, 0, 0, NULL, 574, 9),
	(539, 'Real Madrid CF', NULL, NULL, NULL, 14, 2, 1, 209, 183, 2, 23, 10, 5, 20, 505, 11),
	(540, 'Real Madrid CF', NULL, NULL, NULL, 2, 0, 0, NULL, NULL, 0, NULL, NULL, 0, NULL, 8, 2),
	(541, 'Real Madrid CF', NULL, NULL, NULL, 29, 13, 7, 395, 336, 1, 9, 0, 0, 10, 804, 11),
	(542, 'Real Madrid CF', NULL, NULL, NULL, 29, 11, 3, 451, 377, 6, 27, 8, 4, 83, 1199, 13),
	(543, 'FC Red Bull Salzburg', NULL, NULL, NULL, 17, 4, 0, 239, 181, 2, 9, 3, 0, 9, 715, 8),
	(544, 'FC Red Bull Salzburg', NULL, NULL, NULL, 6, 8, 2, 59, 32, 0, 4, 2, 1, NULL, 231, 8),
	(545, 'FC Red Bull Salzburg', NULL, NULL, NULL, 8, 4, 1, 90, 49, 1, 16, 10, 3, 23, 607, 8),
	(546, 'FC Red Bull Salzburg', NULL, NULL, NULL, 2, 0, 0, NULL, NULL, 1, NULL, NULL, 0, 0, 23, 2),
	(547, 'FC Red Bull Salzburg', NULL, NULL, NULL, 41, 14, 7, 369, 325, 0, 3, 0, 0, NULL, 672, 8),
	(548, 'FC Red Bull Salzburg', NULL, NULL, NULL, 28, 14, 5, 112, 78, 0, 1, 0, 0, NULL, 281, 7),
	(549, 'FC Red Bull Salzburg', NULL, NULL, NULL, 1, 1, 1, NULL, NULL, 0, NULL, NULL, 0, NULL, 4, 1),
	(550, 'FC Red Bull Salzburg', NULL, NULL, NULL, 1, 1, 0, NULL, NULL, 0, 1, 1, 1, NULL, 38, 4),
	(552, 'FC Red Bull Salzburg', NULL, NULL, NULL, 36, 18, 8, 282, 191, 1, 10, 2, 0, 12, 720, 8),
	(553, 'FC Red Bull Salzburg', NULL, NULL, NULL, 3, 5, 0, 80, 51, 0, 7, 5, 3, NULL, 345, 6),
	(554, 'FC Red Bull Salzburg', NULL, NULL, NULL, 33, 4, 3, 242, 213, 0, NULL, NULL, 0, NULL, 437, 5),
	(555, 'FC Red Bull Salzburg', NULL, NULL, NULL, 3, 0, 0, NULL, NULL, 0, NULL, NULL, 0, NULL, 84, 2),
	(556, 'FC Red Bull Salzburg', NULL, NULL, NULL, 44, 18, 6, 258, 190, 1, 4, 3, 0, 5, 649, 8),
	(557, 'FC Red Bull Salzburg', NULL, NULL, NULL, 6, 0, 0, 58, 40, 0, 6, 3, 0, NULL, 234, 6),
	(558, 'FC Red Bull Salzburg', NULL, NULL, NULL, NULL, NULL, NULL, NULL, NULL, 0, 1, 0, 0, NULL, 4, 1),
	(559, 'FC Red Bull Salzburg', NULL, NULL, NULL, 36, 1, 0, 142, 123, 0, 2, 2, 0, NULL, 328, 5),
	(560, 'FC Red Bull Salzburg', NULL, NULL, NULL, 22, 2, 2, 194, 153, 0, 12, 2, 1, NULL, 516, 8),
	(561, 'FC Red Bull Salzburg', NULL, NULL, NULL, 2, 2, 1, NULL, NULL, 0, NULL, NULL, 0, NULL, 23, 1),
	(562, 'FC Red Bull Salzburg', NULL, NULL, NULL, 41, 6, 2, 277, 187, 0, 5, 2, 0, NULL, 716, 8),
	(563, 'FC Red Bull Salzburg', NULL, NULL, NULL, 39, 14, 6, 314, 255, 0, 8, 2, 1, NULL, 573, 7),
	(564, 'Sevilla FC', NULL, NULL, NULL, 19, 8, 6, 275, 214, 0, NULL, NULL, 0, NULL, 379, 5),
	(565, 'Sevilla FC', NULL, NULL, NULL, 5, 2, 0, NULL, NULL, 0, NULL, NULL, 0, NULL, 80, 3),
	(567, 'Sevilla FC', NULL, NULL, NULL, 9, 4, 2, 76, 61, 0, 1, 0, 0, NULL, 200, 4),
	(568, 'Sevilla FC', NULL, NULL, NULL, 41, 3, 1, 414, 374, 0, 4, 1, 0, NULL, 539, 6),
	(569, 'Sevilla FC', NULL, NULL, NULL, NULL, NULL, NULL, NULL, NULL, 0, 3, 0, 0, NULL, 83, 2),
	(570, 'Sevilla FC', NULL, NULL, NULL, 51, 3, 1, 293, 253, 0, NULL, NULL, 0, NULL, 540, 6),
	(571, 'Sevilla FC', NULL, NULL, NULL, 8, 1, 0, 176, 148, 0, 5, 1, 0, NULL, 322, 5),
	(572, 'Sevilla FC', NULL, NULL, NULL, NULL, NULL, NULL, NULL, NULL, 0, NULL, NULL, 0, NULL, 20, 1),
	(573, 'Sevilla FC', NULL, NULL, NULL, 15, 0, 0, 249, 209, 0, 2, 1, 0, NULL, 332, 4),
	(574, 'Sevilla FC', NULL, NULL, NULL, 18, 6, 2, 221, 203, 0, 3, 2, 1, NULL, 327, 6),
	(575, 'Sevilla FC', NULL, NULL, NULL, 48, 0, 0, 343, 311, 0, 5, 2, 0, NULL, 450, 5),
	(576, 'Sevilla FC', NULL, NULL, NULL, 7, 6, 2, 54, 46, 0, 3, 2, 0, NULL, 119, 4),
	(577, 'Sevilla FC', NULL, NULL, NULL, 12, 8, 3, 123, 103, 0, 1, 1, 0, NULL, 186, 4),
	(578, 'Sevilla FC', NULL, NULL, NULL, 1, 1, 0, 49, 41, 0, 5, 0, 0, NULL, 204, 4),
	(579, 'Sevilla FC', NULL, NULL, NULL, 9, 1, 0, 165, 133, 1, 12, 3, 1, 16, 463, 6),
	(580, 'Sevilla FC', NULL, NULL, NULL, 4, 0, 0, 122, 105, 0, 1, 1, 0, NULL, 168, 4),
	(581, 'Sevilla FC', NULL, NULL, NULL, 2, 1, 0, NULL, NULL, 0, 1, 0, 0, NULL, 22, 1),
	(582, 'Sevilla FC', NULL, NULL, NULL, 3, 0, 0, 46, 29, 1, 10, 4, 1, 1, 271, 6),
	(583, 'Sevilla FC', NULL, NULL, NULL, 11, 5, 1, 148, 124, 1, 7, 3, 2, 0, 276, 5),
	(584, 'Sevilla FC', NULL, NULL, NULL, 5, 1, 0, 93, 86, 0, NULL, NULL, 0, NULL, 125, 4),
	(585, 'Sevilla FC', NULL, NULL, NULL, 4, 1, 0, 99, 81, 0, 8, 2, 0, NULL, 228, 4),
	(586, 'Shakhtar Donetsk', NULL, NULL, NULL, 10, 2, 0, 153, 127, 1, 6, 1, 0, 5, 268, 4),
	(587, 'Shakhtar Donetsk', NULL, NULL, NULL, 9, 0, 0, 105, 99, 0, 1, 0, 0, NULL, 90, 1),
	(588, 'Shakhtar Donetsk', NULL, NULL, NULL, 2, 2, 0, NULL, NULL, 0, 2, 0, 0, NULL, 84, 2),
	(589, 'Shakhtar Donetsk', NULL, NULL, NULL, NULL, NULL, NULL, NULL, NULL, 0, NULL, NULL, 0, NULL, 4, 1),
	(590, 'Shakhtar Donetsk', NULL, NULL, NULL, 37, 10, 6, 289, 256, 0, 7, 2, 0, NULL, 540, 6),
	(591, 'Shakhtar Donetsk', NULL, NULL, NULL, 6, 2, 0, 77, 63, 0, 12, 5, 2, NULL, 350, 5),
	(592, 'Shakhtar Donetsk', NULL, NULL, NULL, 19, 1, 1, 184, 159, 0, 3, 0, 0, NULL, 355, 5),
	(593, 'Shakhtar Donetsk', NULL, NULL, NULL, 3, 1, 0, NULL, NULL, 0, 1, 0, 0, NULL, 83, 2),
	(594, 'Shakhtar Donetsk', NULL, NULL, NULL, 9, 0, 0, 167, 153, 1, NULL, NULL, 0, 0, 192, 3),
	(595, 'Shakhtar Donetsk', NULL, NULL, NULL, 8, 4, 1, 234, 224, 0, 1, 0, 0, NULL, 256, 5),
	(596, 'Shakhtar Donetsk', NULL, NULL, NULL, 21, 3, 1, 424, 402, 0, 3, 0, 0, NULL, 450, 5),
	(597, 'Shakhtar Donetsk', NULL, NULL, NULL, 4, 1, 1, 126, 110, 0, 3, 2, 0, NULL, 206, 6),
	(598, 'Shakhtar Donetsk', NULL, NULL, NULL, 27, 2, 1, 350, 328, 0, 2, 0, 0, NULL, 360, 4),
	(599, 'Shakhtar Donetsk', NULL, NULL, NULL, 18, 2, 1, 395, 373, 0, 5, 0, 0, NULL, 473, 6),
	(600, 'Shakhtar Donetsk', NULL, NULL, NULL, 7, 3, 1, 69, 54, 0, 4, 4, 0, NULL, 179, 6),
	(601, 'Shakhtar Donetsk', NULL, NULL, NULL, 4, 2, 0, 170, 150, 0, 10, 2, 0, NULL, 343, 4),
	(604, 'Shakhtar Donetsk', NULL, NULL, NULL, 6, 0, 0, 136, 123, 0, 7, 1, 0, NULL, 322, 5),
	(605, 'Shakhtar Donetsk', NULL, NULL, NULL, 8, 4, 1, 146, 137, 0, 1, 0, 0, NULL, 225, 4),
	(606, 'Shakhtar Donetsk', NULL, NULL, NULL, 2, 0, 0, NULL, NULL, 0, 3, 1, 0, NULL, 56, 2),
	(607, 'Shakhtar Donetsk', NULL, NULL, NULL, 6, 1, 0, 129, 110, 0, 9, 2, 0, NULL, 373, 6),
	(608, 'Shakhtar Donetsk', NULL, NULL, NULL, NULL, NULL, NULL, 22, 16, 0, 1, 1, 0, NULL, 101, 2),
	(610, 'Shakhtar Donetsk', NULL, NULL, NULL, 3, 1, 0, 73, 68, 0, NULL, NULL, 0, NULL, 90, 1),
	(611, 'FC Sheriff Tiraspol', NULL, NULL, NULL, 27, 26, 7, 137, 118, 0, 1, 0, 0, NULL, 491, 6),
	(612, 'FC Sheriff Tiraspol', NULL, NULL, NULL, 30, 1, 0, 145, 124, 0, 1, 0, 0, NULL, 540, 6),
	(614, 'FC Sheriff Tiraspol', NULL, NULL, NULL, 10, 2, 2, 82, 63, 0, 3, 1, 0, NULL, 312, 6),
	(615, 'FC Sheriff Tiraspol', NULL, NULL, NULL, 11, 8, 1, 90, 73, 0, 4, 2, 0, NULL, 357, 5),
	(617, 'FC Sheriff Tiraspol', NULL, NULL, NULL, NULL, NULL, NULL, NULL, NULL, 0, NULL, NULL, 0, NULL, 1, 1),
	(618, 'FC Sheriff Tiraspol', NULL, NULL, NULL, 1, 1, 0, NULL, NULL, 0, NULL, NULL, 0, NULL, 15, 2),
	(619, 'FC Sheriff Tiraspol', NULL, NULL, NULL, 18, 8, 3, 159, 117, 3, 3, 1, 0, 7, 540, 6),
	(620, 'FC Sheriff Tiraspol', NULL, NULL, NULL, 32, 11, 3, 195, 162, 0, 3, 0, 0, NULL, 540, 6),
	(621, 'FC Sheriff Tiraspol', NULL, NULL, NULL, 39, 19, 13, 136, 92, 0, 2, 0, 0, NULL, 540, 6),
	(622, 'FC Sheriff Tiraspol', NULL, NULL, NULL, 1, 0, 0, NULL, NULL, 0, 1, 1, 0, NULL, 52, 3),
	(623, 'FC Sheriff Tiraspol', NULL, NULL, NULL, 10, 1, 0, 88, 66, 0, 2, 0, 0, NULL, 405, 6),
	(624, 'FC Sheriff Tiraspol', NULL, NULL, NULL, 5, 2, 2, 27, 24, 0, 3, 1, 1, NULL, 97, 5),
	(625, 'FC Sheriff Tiraspol', NULL, NULL, NULL, 3, 1, 1, NULL, NULL, 0, NULL, NULL, 0, NULL, 79, 3),
	(626, 'FC Sheriff Tiraspol', NULL, NULL, NULL, 14, 12, 6, 206, 167, 1, 13, 6, 2, 1, 540, 6),
	(627, 'FC Sheriff Tiraspol', NULL, NULL, NULL, 17, 5, 0, 105, 83, 1, 11, 4, 2, 13, 530, 6),
	(628, 'FC Sheriff Tiraspol', NULL, NULL, NULL, 3, 4, 0, 37, 22, 0, 4, 2, 1, NULL, 205, 3),
	(629, 'FC Sheriff Tiraspol', NULL, NULL, NULL, 5, 0, 0, 37, 31, 0, 3, 2, 1, NULL, 156, 3),
	(631, 'Sporting CP', NULL, NULL, NULL, 3, 5, 0, 76, 58, 1, 4, 1, 1, 2, 201, 4),
	(632, 'Sporting CP', NULL, NULL, NULL, 28, 6, 2, 240, 211, 0, 7, 2, 2, NULL, 540, 6),
	(633, 'Sporting CP', NULL, NULL, NULL, 7, 2, 2, 66, 61, 0, 3, 1, 0, NULL, 131, 5),
	(634, 'Sporting CP', NULL, NULL, NULL, 1, 0, 0, NULL, NULL, 0, NULL, NULL, 0, NULL, 9, 1),
	(635, 'Sporting CP', NULL, NULL, NULL, 1, 0, 0, NULL, NULL, 0, 1, 1, 0, NULL, 32, 1),
	(636, 'Sporting CP', NULL, NULL, NULL, 2, 1, 0, NULL, NULL, 0, 1, 0, 0, NULL, 73, 1),
	(637, 'Sporting CP', NULL, NULL, NULL, 24, 8, 3, 259, 229, 0, 1, 0, 0, NULL, 450, 6),
	(638, 'Sporting CP', NULL, NULL, NULL, 3, 1, 1, NULL, NULL, 0, 1, 0, 0, NULL, 19, 2),
	(639, 'Sporting CP', NULL, NULL, NULL, 28, 4, 3, 271, 246, 1, 1, 0, 0, 2, 561, 7),
	(640, 'Sporting CP', NULL, NULL, NULL, 36, 29, 11, 194, 165, 0, 4, 1, 0, NULL, 534, 6),
	(642, 'Sporting CP', NULL, NULL, NULL, 2, 0, 0, NULL, NULL, 0, NULL, NULL, 0, NULL, 79, 3),
	(643, 'Sporting CP', NULL, NULL, NULL, 25, 13, 7, 220, 202, 0, NULL, NULL, 0, NULL, 368, 6),
	(644, 'Sporting CP', NULL, NULL, NULL, 22, 4, 2, 211, 177, 2, 1, 1, 0, 21, 509, 6),
	(645, 'Sporting CP', NULL, NULL, NULL, 23, 9, 6, 224, 192, 0, 4, 0, 0, NULL, 611, 8),
	(646, 'Sporting CP', NULL, NULL, NULL, NULL, NULL, NULL, 72, 49, 0, 2, 1, 1, NULL, 218, 7),
	(647, 'Sporting CP', NULL, NULL, NULL, 12, 3, 0, 139, 105, 1, 16, 8, 3, 8, 582, 8),
	(648, 'Sporting CP', NULL, NULL, NULL, 10, 4, 3, 83, 54, 2, 13, 7, 4, 10, 329, 5),
	(649, 'Sporting CP', NULL, NULL, NULL, 19, 2, 1, 207, 135, 0, 8, 3, 1, NULL, 529, 7),
	(650, 'Sporting CP', NULL, NULL, NULL, 17, 7, 3, 171, 146, 2, 2, 0, 0, 1, 380, 8),
	(651, 'Sporting CP', NULL, NULL, NULL, NULL, NULL, NULL, NULL, NULL, 0, NULL, NULL, 0, NULL, 1, 1),
	(652, 'Sporting CP', NULL, NULL, NULL, NULL, NULL, NULL, NULL, NULL, 0, NULL, NULL, 0, NULL, 63, 2),
	(653, 'Sporting CP', NULL, NULL, NULL, 9, 6, 3, 140, 98, 0, 6, 4, 2, NULL, 510, 8),
	(654, 'Sporting CP', NULL, NULL, NULL, NULL, NULL, NULL, 23, 17, 0, NULL, NULL, 0, NULL, 104, 2),
	(655, 'Sporting CP', NULL, NULL, NULL, 2, 5, 1, 27, 20, 0, 4, 1, 0, NULL, 162, 5),
	(656, 'Sporting CP', NULL, NULL, NULL, 7, 7, 3, 74, 65, 0, NULL, NULL, 0, NULL, 205, 4),
	(657, 'Villarreal CF', NULL, NULL, NULL, 73, 9, 6, 440, 385, 0, 2, 0, 0, NULL, 1045, 12),
	(658, 'Villarreal CF', NULL, NULL, NULL, 2, 0, 0, NULL, NULL, 0, 4, 2, 1, NULL, 73, 3),
	(659, 'Villarreal CF', NULL, NULL, NULL, 9, 3, 1, 66, 58, 1, 1, 0, 0, 0, 129, 5),
	(660, 'Villarreal CF', NULL, NULL, NULL, 62, 11, 1, 491, 438, 4, 9, 3, 2, 17, 1046, 12),
	(661, 'Villarreal CF', NULL, NULL, NULL, 5, 1, 0, 50, 37, 0, 3, 2, 2, NULL, 273, 9),
	(662, 'Villarreal CF', NULL, NULL, NULL, 13, 9, 3, 150, 124, 0, 3, 2, 1, NULL, 463, 8),
	(663, 'Villarreal CF', NULL, NULL, NULL, 3, 1, 0, 165, 128, 2, 25, 14, 6, 31, 906, 11),
	(664, 'Villarreal CF', NULL, NULL, NULL, 3, 2, 2, 46, 35, 0, 5, 2, 1, NULL, 258, 8),
	(665, 'Villarreal CF', NULL, NULL, NULL, 52, 8, 4, 282, 229, 0, 1, 0, 0, NULL, 645, 10),
	(666, 'Villarreal CF', NULL, NULL, NULL, 55, 20, 10, 347, 290, 0, 4, 0, 0, NULL, 891, 10),
	(667, 'Villarreal CF', NULL, NULL, NULL, 9, 2, 0, 163, 110, 4, 21, 6, 2, 9, 524, 7),
	(668, 'Villarreal CF', NULL, NULL, NULL, 2, 0, 0, NULL, NULL, 0, NULL, NULL, 0, NULL, 10, 1),
	(669, 'Villarreal CF', NULL, NULL, NULL, 21, 12, 7, 204, 170, 0, 5, 0, 0, NULL, 524, 6),
	(670, 'Villarreal CF', NULL, NULL, NULL, NULL, NULL, NULL, NULL, NULL, 0, NULL, NULL, 0, NULL, 24, 2),
	(671, 'Villarreal CF', NULL, NULL, NULL, 1, 0, 0, 32, 29, 0, NULL, NULL, 0, NULL, 93, 2),
	(672, 'Villarreal CF', NULL, NULL, NULL, 5, 3, 2, 83, 62, 1, 4, 2, 0, 4, 222, 6),
	(673, 'Villarreal CF', NULL, NULL, NULL, 8, 4, 0, 135, 110, 0, 3, 2, 1, NULL, 309, 7),
	(674, 'Villarreal CF', NULL, NULL, NULL, 48, 17, 8, 657, 560, 3, 5, 1, 1, 4, 1055, 12),
	(675, 'Villarreal CF', NULL, NULL, NULL, 49, 7, 3, 506, 457, 0, 4, 1, 1, NULL, 1080, 12),
	(676, 'Villarreal CF', NULL, NULL, NULL, 18, 4, 1, 195, 151, 1, 6, 0, 0, 9, 431, 10),
	(677, 'Villarreal CF', NULL, NULL, NULL, 2, 2, 1, NULL, NULL, 0, NULL, NULL, 0, NULL, 18, 2),
	(678, 'Villarreal CF', NULL, NULL, NULL, 14, 10, 4, 106, 88, 0, 4, 2, 1, NULL, 431, 7),
	(679, 'Villarreal CF', NULL, NULL, NULL, NULL, NULL, NULL, NULL, NULL, 0, NULL, NULL, 0, NULL, 11, 1),
	(681, 'Villarreal CF', NULL, NULL, NULL, 8, 6, 1, 142, 116, 0, 6, 6, 1, NULL, 330, 9),
	(682, 'VfL Wolfsburg', NULL, NULL, NULL, 30, 5, 2, 266, 210, 3, 5, 1, 0, 1, 540, 6),
	(683, 'VfL Wolfsburg', NULL, NULL, NULL, 11, 0, 0, 144, 99, 0, 2, 1, 1, NULL, 413, 6),
	(684, 'VfL Wolfsburg', NULL, NULL, NULL, 15, 1, 1, 86, 68, 0, 2, 0, 0, NULL, 204, 3),
	(685, 'VfL Wolfsburg', NULL, NULL, NULL, 18, 3, 2, 167, 143, 0, NULL, NULL, 0, NULL, 331, 4),
	(687, 'VfL Wolfsburg', NULL, NULL, NULL, 1, 0, 0, NULL, NULL, 0, NULL, NULL, 0, NULL, 36, 2),
	(688, 'VfL Wolfsburg', NULL, NULL, NULL, 5, 2, 2, 61, 44, 1, 1, 0, 0, 0, 192, 5),
	(689, 'VfL Wolfsburg', NULL, NULL, NULL, NULL, NULL, NULL, NULL, NULL, 0, NULL, NULL, 0, NULL, 2, 1),
	(690, 'VfL Wolfsburg', NULL, NULL, NULL, 39, 6, 1, 215, 184, 0, 1, 0, 0, NULL, 429, 5),
	(691, 'VfL Wolfsburg', NULL, NULL, NULL, 7, 5, 2, 66, 50, 0, 9, 4, 2, NULL, 322, 5),
	(692, 'VfL Wolfsburg', NULL, NULL, NULL, 35, 1, 1, 284, 232, 0, 2, 0, 0, NULL, 540, 6),
	(693, 'VfL Wolfsburg', NULL, NULL, NULL, 5, 3, 2, 70, 53, 0, 3, 0, 0, NULL, 296, 6),
	(694, 'VfL Wolfsburg', NULL, NULL, NULL, 17, 7, 5, 141, 96, 0, 1, 0, 0, NULL, 328, 6),
	(695, 'VfL Wolfsburg', NULL, NULL, NULL, 15, 3, 2, 72, 48, 0, NULL, NULL, 0, NULL, 171, 4),
	(697, 'VfL Wolfsburg', NULL, NULL, NULL, 1, 1, 1, 9, 7, 0, 1, 0, 0, NULL, 90, 2),
	(698, 'VfL Wolfsburg', NULL, NULL, NULL, 27, 3, 2, 131, 103, 0, 1, 0, 0, NULL, 362, 6),
	(699, 'VfL Wolfsburg', NULL, NULL, NULL, 6, 3, 2, 84, 66, 0, 5, 2, 2, NULL, 258, 5),
	(700, 'VfL Wolfsburg', NULL, NULL, NULL, 17, 4, 0, 95, 77, 0, 1, 1, 0, NULL, 337, 4),
	(701, 'VfL Wolfsburg', NULL, NULL, NULL, 1, 1, 0, 30, 25, 0, 2, 0, 0, NULL, 119, 3),
	(702, 'VfL Wolfsburg', NULL, NULL, NULL, 10, 3, 2, 92, 69, 0, 8, 2, 0, NULL, 398, 5),
	(703, 'BSC Young Boys', NULL, NULL, NULL, 33, 7, 2, 272, 235, 1, 7, 1, 0, 6, 504, 6),
	(704, 'BSC Young Boys', NULL, NULL, NULL, 13, 0, 0, 130, 117, 0, 1, 1, 0, NULL, 180, 2),
	(705, 'BSC Young Boys', NULL, NULL, NULL, 32, 10, 2, 177, 162, 0, 5, 1, 0, NULL, 420, 5),
	(706, 'BSC Young Boys', NULL, NULL, NULL, 22, 7, 3, 208, 185, 0, 2, 1, 0, NULL, 347, 4),
	(707, 'BSC Young Boys', NULL, NULL, NULL, 10, 1, 0, 118, 96, 0, 10, 3, 1, NULL, 489, 6),
	(709, 'BSC Young Boys', NULL, NULL, NULL, 9, 0, 0, 86, 73, 0, 8, 3, 0, NULL, 269, 3),
	(710, 'BSC Young Boys', NULL, NULL, NULL, 21, 8, 4, 226, 184, 0, 5, 1, 0, NULL, 435, 5),
	(711, 'BSC Young Boys', NULL, NULL, NULL, 19, 9, 4, 204, 154, 1, 2, 1, 1, 3, 386, 6),
	(712, 'BSC Young Boys', NULL, NULL, NULL, NULL, NULL, NULL, NULL, NULL, 0, 2, 0, 0, NULL, 75, 5),
	(713, 'BSC Young Boys', NULL, NULL, NULL, 43, 12, 7, 348, 313, 0, 3, 3, 0, NULL, 462, 6),
	(714, 'BSC Young Boys', NULL, NULL, NULL, 8, 5, 5, 95, 65, 0, 1, 0, 0, NULL, 167, 3),
	(715, 'BSC Young Boys', NULL, NULL, NULL, 3, 2, 2, 68, 57, 0, 1, 0, 0, NULL, 90, 1),
	(716, 'BSC Young Boys', NULL, NULL, NULL, 4, 2, 2, 57, 47, 0, 1, 0, 0, NULL, 113, 3),
	(717, 'BSC Young Boys', NULL, NULL, NULL, 1, 0, 0, NULL, NULL, 0, 1, 0, 0, NULL, 3, 1),
	(718, 'BSC Young Boys', NULL, NULL, NULL, 1, 2, 0, NULL, NULL, 0, 1, 0, 0, NULL, 60, 4),
	(719, 'BSC Young Boys', NULL, NULL, NULL, 28, 6, 3, 192, 159, 1, 11, 2, 1, 34, 532, 6),
	(720, 'BSC Young Boys', NULL, NULL, NULL, 14, 8, 4, 98, 69, 1, 6, 2, 1, 2, 272, 6),
	(721, 'BSC Young Boys', NULL, NULL, NULL, 5, 1, 0, 64, 51, 0, 10, 3, 2, NULL, 341, 6),
	(722, 'BSC Young Boys', NULL, NULL, NULL, 10, 1, 0, 114, 86, 0, 5, 3, 1, NULL, 240, 5),
	(723, 'BSC Young Boys', NULL, NULL, NULL, NULL, NULL, NULL, NULL, NULL, 0, NULL, NULL, 0, NULL, 8, 1),
	(724, 'BSC Young Boys', NULL, NULL, NULL, NULL, NULL, NULL, NULL, NULL, 0, NULL, NULL, 0, NULL, 7, 1),
	(726, 'BSC Young Boys', NULL, NULL, NULL, 1, 0, 0, NULL, NULL, 0, NULL, NULL, 0, NULL, 1, 1),
	(727, 'Zenit St. Petersburg', NULL, NULL, NULL, 7, 3, 0, 56, 38, 1, 8, 6, 2, 2, 303, 5),
	(728, 'Zenit St. Petersburg', NULL, NULL, NULL, 41, 11, 7, 306, 282, 0, 1, 0, 0, NULL, 540, 6),
	(729, 'Zenit St. Petersburg', NULL, NULL, NULL, 19, 6, 4, 209, 196, 0, 5, 1, 0, NULL, 444, 5),
	(730, 'Zenit St. Petersburg', NULL, NULL, NULL, 20, 6, 1, 267, 229, 0, 13, 4, 2, NULL, 460, 6),
	(731, 'Zenit St. Petersburg', NULL, NULL, NULL, 23, 8, 5, 238, 202, 2, 5, 0, 0, 3, 444, 5),
	(732, 'Zenit St. Petersburg', NULL, NULL, NULL, 4, 1, 0, 61, 39, 1, 6, 1, 0, 1, 277, 6),
	(733, 'Zenit St. Petersburg', NULL, NULL, NULL, 3, 3, 0, 27, 26, 0, 4, 0, 0, NULL, 104, 6),
	(734, 'Zenit St. Petersburg', NULL, NULL, NULL, 9, 2, 1, 115, 99, 1, 3, 0, 0, 4, 299, 4),
	(735, 'Zenit St. Petersburg', NULL, NULL, NULL, 1, 0, 0, NULL, NULL, 0, NULL, NULL, 0, NULL, 14, 2),
	(737, 'Zenit St. Petersburg', NULL, NULL, NULL, 7, 0, 0, NULL, NULL, 0, 1, 0, 0, NULL, 68, 6),
	(738, 'Zenit St. Petersburg', NULL, NULL, NULL, 1, 0, 0, NULL, NULL, 0, 1, 0, 0, NULL, 3, 1),
	(739, 'Zenit St. Petersburg', NULL, NULL, NULL, 10, 1, 0, 79, 71, 0, 3, 1, 1, NULL, 257, 4),
	(740, 'Zenit St. Petersburg', NULL, NULL, NULL, 19, 1, 1, 159, 141, 0, 1, 0, 0, NULL, 315, 4),
	(742, 'Zenit St. Petersburg', NULL, NULL, NULL, 13, 3, 2, 179, 149, 1, 10, 3, 0, 12, 434, 6),
	(743, 'Zenit St. Petersburg', NULL, NULL, NULL, 4, 1, 0, 49, 38, 0, 2, 1, 0, NULL, 150, 5),
	(744, 'Zenit St. Petersburg', NULL, NULL, NULL, 2, 0, 0, NULL, NULL, 0, 1, 1, 1, NULL, 11, 1),
	(745, 'Zenit St. Petersburg', NULL, NULL, NULL, 32, 12, 7, 348, 287, 2, 7, 3, 1, 4, 497, 6),
	(746, 'Zenit St. Petersburg', NULL, NULL, NULL, 5, 1, 0, 160, 145, 0, 2, 2, 1, NULL, 293, 4),
	(747, 'Zenit St. Petersburg', NULL, NULL, NULL, 22, 8, 4, 295, 274, 0, 7, 4, 1, NULL, 484, 6),
	(432, 'Manchester United', NULL, NULL, NULL, NULL, NULL, NULL, NULL, NULL, 0, NULL, NULL, 0, NULL, 22, 1);

/*!40103 SET TIME_ZONE=IFNULL(@OLD_TIME_ZONE, 'system') */;
/*!40101 SET SQL_MODE=IFNULL(@OLD_SQL_MODE, '') */;
/*!40014 SET FOREIGN_KEY_CHECKS=IFNULL(@OLD_FOREIGN_KEY_CHECKS, 1) */;
/*!40101 SET CHARACTER_SET_CLIENT=@OLD_CHARACTER_SET_CLIENT */;
/*!40111 SET SQL_NOTES=IFNULL(@OLD_SQL_NOTES, 1) */;
